2025-09-08 11:37:08 [INFO]: 📦 Generated product_code: PC-6281973482
2025-09-08 11:37:08 [INFO]: ✅ Product created successfully: PC-6281973482
2025-09-08 11:38:54 [ERROR]: ❌ Error in addProductService: logger is not defined
2025-09-08 11:39:06 [ERROR]: ❌ Error in addProductService: logger is not defined
2025-09-08 11:39:22 [ERROR]: ❌ Validation failed: MRP < Price while adding product
2025-09-08 11:39:22 [ERROR]: ❌ Error in addProductService: Product MRP must be equal or greater than price
2025-09-08 11:54:56 [INFO]: ✅ Product fetched successfully for id: 6
2025-09-08 11:55:00 [ERROR]: ❌ Validation failed: MRP < Price for product_code PC-6935242776
2025-09-08 11:55:00 [ERROR]: ❌ Error in updateProductService: Product MRP must be equal or greater than price
2025-09-08 11:55:00 [ERROR]: Product MRP must be equal or greater than price
2025-09-08 11:55:08 [ERROR]: Validation Error: [{"field":"hsn_code","message":"HSN code must be at least 4 digits"}]
2025-09-08 11:55:15 [INFO]: ✅ Product updated in DB: PC-6935242776
2025-09-08 12:15:17 [WARN]: ⚠️ No products found for query: dol
2025-09-08 12:15:20 [INFO]: ✅ Found 3 products for query: az
2025-09-08 12:16:19 [INFO]: ✅ Found 3 products for query: Azithro
2025-09-08 12:16:28 [INFO]: ✅ Found 3 products for query: Azithro
2025-09-08 12:18:09 [INFO]: ✅ Found 3 products for query: Azithro
2025-09-08 12:18:14 [INFO]: ✅ Found 3 products for query: Azithro
2025-09-08 12:18:43 [INFO]: ✅ Found 3 products for query: Azithro
2025-09-08 12:22:27 [INFO]: ✅ Found 3 products for query: Azithro
2025-09-08 12:26:36 [INFO]: ✅ Found 3 products for query: Azithro
2025-09-08 12:26:40 [INFO]: ✅ Found 3 products for query: Azithro
2025-09-08 12:27:29 [INFO]: ✅ Found 3 products for query: Azithro
2025-09-08 12:29:47 [INFO]: ✅ Product deleted successfully. Code: PC-6935242776
2025-09-08 12:29:57 [INFO]: ✅ Product deleted successfully. Code: PC-6281973482
2025-09-08 12:30:04 [INFO]: ✅ Product fetched successfully for id: 9
2025-09-08 12:30:07 [INFO]: ✅ Product updated in DB: PC-0332623420
2025-09-08 12:30:12 [INFO]: ✅ Product fetched successfully for id: 10
2025-09-08 12:30:17 [INFO]: ✅ Product updated in DB: PC-5111047938
2025-09-08 12:30:44 [INFO]: ✅ Found 1 products for query: Am
2025-09-08 12:37:31 [INFO]: ✅ Found 1 products for query: Amxocylin
2025-09-08 12:37:47 [INFO]: ✅ Found 1 products for query: Amxocylin
2025-09-08 12:38:01 [INFO]: ✅ Product fetched successfully for id: 10
2025-09-08 12:38:04 [INFO]: ✅ Product updated in DB: PC-5111047938
2025-09-08 12:41:59 [INFO]: ✅ Product fetched successfully for id: 10
2025-09-08 12:42:02 [INFO]: ✅ Product updated in DB: PC-5111047938
2025-09-08 12:42:05 [INFO]: ✅ Found 1 products for query: Amxocylin
2025-09-08 14:54:01 [WARN]: ⚠️ No products found for query: az
2025-09-08 14:54:04 [INFO]: ✅ Found 1 products for query: am
2025-09-08 14:54:53 [WARN]: ⚠️ No products found for query: ax
2025-09-08 14:54:54 [WARN]: ⚠️ No products found for query: a=
2025-09-08 14:54:55 [WARN]: ⚠️ No products found for query: a=m
2025-09-08 14:54:57 [INFO]: ✅ Found 1 products for query: am
2025-09-09 11:17:33 [INFO]: 📦 Generated product_code: PC-8535053293
2025-09-09 11:17:33 [INFO]: ✅ Product created successfully: PC-8535053293
2025-09-09 11:17:40 [INFO]: ✅ Product fetched successfully for id: 7
2025-09-09 11:18:06 [ERROR]: Validation Error: [{"field":"hsn_code","message":"HSN code must be at least 4 digits"}]
2025-09-09 11:18:22 [ERROR]: Validation Error: [{"field":"hsn_code","message":"HSN code must be at least 4 digits"}]
2025-09-09 11:18:31 [INFO]: ✅ Product updated in DB: PC-8190347523
2025-09-09 11:20:30 [INFO]: ✅ Found 1 products for query: do
2025-09-09 11:20:46 [INFO]: ✅ Found 1 products for query: DOLO
2025-09-09 11:22:34 [WARN]: ⚠️ No products found for query: doo
2025-09-09 11:22:35 [INFO]: ✅ Found 1 products for query: do
2025-09-09 14:20:13 [INFO]: ✅ Connected to Redis server (ioredis)
2025-09-09 14:21:11 [INFO]: 📦 Generated product_code: PC-8715072135
2025-09-09 14:21:11 [INFO]: ✅ Product created successfully: PC-8715072135
2025-09-09 14:21:11 [INFO]: ✅ Data enqueued to productQueue
2025-09-09 14:21:11 [INFO]: ✅ Cache set for key: product:id:15
2025-09-09 14:21:11 [INFO]: ✅ Cache set for key: product:code:PC-8715072135
2025-09-09 14:22:50 [INFO]: ✅ Connected to Redis server (ioredis)
2025-09-09 14:22:51 [INFO]: ✅ Connected to Redis server (ioredis)
2025-09-09 14:23:19 [INFO]: ✅ Connected to Redis server (ioredis)
2025-09-09 14:23:35 [INFO]: ✅ Connected to Redis server (ioredis)
2025-09-09 14:24:06 [INFO]: ✅ Connected to Redis server (ioredis)
2025-09-09 14:24:07 [INFO]: ✅ Connected to Redis server (ioredis)
2025-09-09 14:24:34 [INFO]: ✅ Connected to Redis server (ioredis)
2025-09-09 14:24:48 [INFO]: ✅ Connected to Redis server (ioredis)
2025-09-09 14:25:41 [INFO]: ✅ Connected to Redis server (ioredis)
2025-09-09 14:27:22 [INFO]: 📦 Generated product_code: PC-2423948035
2025-09-09 14:27:22 [INFO]: ✅ Product created successfully: PC-2423948035
2025-09-09 14:27:22 [INFO]: ✅ Data enqueued to productQueue
2025-09-09 14:27:22 [INFO]: ✅ Cache set for key: product:id:1
2025-09-09 14:27:22 [INFO]: ✅ Cache set for key: product:code:PC-2423948035
2025-09-09 14:28:16 [INFO]: ✅ Product deleted successfully. Code: PC-2423948035
2025-09-09 14:28:16 [INFO]: ✅ Data enqueued to productQueue
2025-09-09 14:28:16 [INFO]: ✅ Cache deleted for key: product:code:PC-2423948035
2025-09-09 14:28:16 [INFO]: ✅ Cache deleted for key: product:id:1
2025-09-09 14:28:44 [INFO]: 📦 Generated product_code: PC-3242113345
2025-09-09 14:28:44 [INFO]: ✅ Product created successfully: PC-3242113345
2025-09-09 14:28:44 [INFO]: ✅ Data enqueued to productQueue
2025-09-09 14:28:44 [INFO]: ✅ Cache set for key: product:id:2
2025-09-09 14:28:44 [INFO]: ✅ Cache set for key: product:code:PC-3242113345
2025-09-09 14:29:08 [INFO]: 📦 Generated product_code: PC-3487709820
2025-09-09 14:29:08 [INFO]: ✅ Product created successfully: PC-3487709820
2025-09-09 14:29:08 [INFO]: ✅ Data enqueued to productQueue
2025-09-09 14:29:08 [INFO]: ✅ Cache set for key: product:id:3
2025-09-09 14:29:08 [INFO]: ✅ Cache set for key: product:code:PC-3487709820
2025-09-09 14:29:49 [INFO]: ✅ Connected to Redis server (ioredis)
2025-09-09 14:30:10 [INFO]: ✅ Connected to Redis server (ioredis)
2025-09-09 14:30:12 [INFO]: ✅ Connected to Redis server (ioredis)
2025-09-09 14:30:15 [INFO]: ✅ Connected to Redis server (ioredis)
2025-09-09 14:30:28 [INFO]: ✅ Connected to Redis server (ioredis)
2025-09-09 14:30:34 [INFO]: ✅ Connected to Redis server (ioredis)
2025-09-09 14:30:47 [INFO]: ✅ Connected to Redis server (ioredis)
2025-09-09 14:31:02 [INFO]: ✅ Connected to Redis server (ioredis)
2025-09-09 14:31:15 [INFO]: ✅ Product updated in DB: PC-3242113345
2025-09-09 14:31:15 [INFO]: ✅ Data enqueued to productQueue
2025-09-09 14:31:15 [INFO]: ✅ Cache set for key: product:id:2
2025-09-09 14:31:15 [INFO]: ✅ Cache set for key: product:code:PC-3242113345
2025-09-09 14:31:57 [INFO]: ✅ Product updated in DB: PC-3242113345
2025-09-09 14:31:57 [INFO]: ✅ Data enqueued to productQueue
2025-09-09 14:31:57 [INFO]: ✅ Cache set for key: product:id:2
2025-09-09 14:31:57 [INFO]: ✅ Cache set for key: product:code:PC-3242113345
2025-09-09 14:34:01 [INFO]: ✅ Connected to Redis server (ioredis)
2025-09-09 14:34:03 [INFO]: ✅ Connected to Redis server (ioredis)
2025-09-09 14:34:07 [INFO]: ✅ Connected to Redis server (ioredis)
2025-09-09 14:34:09 [INFO]: ✅ Connected to Redis server (ioredis)
2025-09-09 14:34:11 [INFO]: ✅ Connected to Redis server (ioredis)
2025-09-09 14:34:25 [INFO]: ✅ Connected to Redis server (ioredis)
2025-09-09 14:35:01 [INFO]: ✅ Connected to Redis server (ioredis)
2025-09-09 14:35:02 [INFO]: ✅ Connected to Redis server (ioredis)
2025-09-09 14:35:11 [INFO]: ✅ Connected to Redis server (ioredis)
2025-09-09 14:35:40 [INFO]: ✅ Connected to Redis server (ioredis)
2025-09-09 14:35:44 [INFO]: ✅ Cache set for key: product:search:{"page":"1","limit":"2","sortby":"created_at,a","name":"product","field":"name"}
2025-09-09 14:35:52 [INFO]: ✅ Connected to Redis server (ioredis)
2025-09-09 14:36:47 [INFO]: ✅ Cache set for key: vendor:search:{"page":"1","limit":"2","sortby":"created_at,d","name":"vendor","field":"name"}
2025-09-09 14:38:28 [INFO]: ✅ Connected to Redis server (ioredis)
2025-09-09 14:38:53 [INFO]: ✅ Connected to Redis server (ioredis)
2025-09-09 14:38:57 [INFO]: ✅ Connected to Redis server (ioredis)
2025-09-09 14:38:59 [INFO]: ✅ Connected to Redis server (ioredis)
2025-09-09 14:39:02 [INFO]: ✅ Connected to Redis server (ioredis)
2025-09-09 14:44:16 [INFO]: ✅ Connected to Redis server (ioredis)
2025-09-09 14:46:40 [INFO]: ✅ Connected to Redis server (ioredis)
2025-09-09 14:46:43 [INFO]: ✅ Connected to Redis server (ioredis)
2025-09-09 14:46:51 [INFO]: ✅ Connected to Redis server (ioredis)
2025-09-09 14:46:57 [INFO]: ✅ Connected to Redis server (ioredis)
2025-09-09 14:47:03 [INFO]: ✅ Connected to Redis server (ioredis)
2025-09-09 14:47:07 [INFO]: ✅ Connected to Redis server (ioredis)
2025-09-09 14:47:15 [INFO]: ✅ Connected to Redis server (ioredis)
2025-09-09 14:48:32 [INFO]: ✅ Connected to Redis server (ioredis)
2025-09-09 14:48:42 [INFO]: ✅ Connected to Redis server (ioredis)
2025-09-09 14:48:43 [INFO]: ✅ Connected to Redis server (ioredis)
2025-09-09 14:48:45 [INFO]: ✅ Connected to Redis server (ioredis)
2025-09-09 14:49:02 [INFO]: ✅ Connected to Redis server (ioredis)
2025-09-09 14:49:05 [INFO]: ✅ Connected to Redis server (ioredis)
2025-09-09 14:49:11 [INFO]: ✅ Connected to Redis server (ioredis)
2025-09-09 14:49:34 [INFO]: ✅ Connected to Redis server (ioredis)
2025-09-09 14:50:21 [INFO]: ✅ Connected to Redis server (ioredis)
2025-09-09 14:50:25 [INFO]: ✅ Connected to Redis server (ioredis)
2025-09-09 14:50:27 [INFO]: ✅ Connected to Redis server (ioredis)
2025-09-09 14:50:28 [INFO]: ✅ Connected to Redis server (ioredis)
2025-09-09 14:50:45 [INFO]: ✅ Connected to Redis server (ioredis)
2025-09-09 14:50:46 [INFO]: ✅ Connected to Redis server (ioredis)
2025-09-09 14:50:47 [INFO]: ✅ Connected to Redis server (ioredis)
2025-09-09 14:50:50 [INFO]: ✅ Connected to Redis server (ioredis)
2025-09-09 14:51:15 [INFO]: ✅ Connected to Redis server (ioredis)
2025-09-09 14:51:17 [INFO]: ✅ Connected to Redis server (ioredis)
2025-09-09 14:51:32 [INFO]: ✅ Connected to Redis server (ioredis)
2025-09-09 14:51:33 [INFO]: ✅ Connected to Redis server (ioredis)
2025-09-09 14:51:34 [INFO]: ✅ Connected to Redis server (ioredis)
2025-09-09 14:52:10 [INFO]: ✅ Connected to Redis server (ioredis)
2025-09-09 14:54:26 [INFO]: ✅ Cache set for key: product:search:{"page":"1","limit":"2","sortby":"created_at,a","name":"product","field":"name"}
2025-09-09 14:54:48 [INFO]: ✅ Connected to Redis server (ioredis)
2025-09-09 14:54:50 [INFO]: ✅ Connected to Redis server (ioredis)
2025-09-09 14:54:51 [INFO]: ✅ Connected to Redis server (ioredis)
2025-09-09 14:54:56 [INFO]: ✅ Connected to Redis server (ioredis)
2025-09-09 14:54:58 [INFO]: ✅ Connected to Redis server (ioredis)
2025-09-09 14:57:06 [INFO]: ✅ Connected to Redis server (ioredis)
2025-09-09 14:57:21 [INFO]: ✅ Connected to Redis server (ioredis)
2025-09-09 14:57:37 [INFO]: ✅ Cache set for key: vendor:search:{"page":"1","limit":"2","sortby":"created_at,d","name":"vendor","field":"name"}
2025-09-09 14:57:41 [INFO]: ✅ Data enqueued to vendorQueue
2025-09-09 14:57:41 [INFO]: ✅ Cache deleted for key: vendor:code:VC-8319375670
2025-09-09 14:57:41 [INFO]: ✅ Cache deleted for key: vendor:id:1
2025-09-09 14:57:49 [INFO]: ✅ Data enqueued to vendorQueue
2025-09-09 14:57:49 [INFO]: ✅ Cache deleted for key: vendor:code:VC-8319375670
2025-09-09 14:57:49 [INFO]: ✅ Cache deleted for key: vendor:id:1
2025-09-09 14:58:17 [INFO]: ✅ Connected to Redis server (ioredis)
2025-09-09 14:59:02 [INFO]: ✅ Cache set for key: vendor:search:{"page":"1","limit":"2","sortby":"created_at,d","name":"vendor","field":"name"}
2025-09-09 14:59:03 [INFO]: ✅ Cache set for key: order:search:{"page":"1","limit":"3","sortby":"created_at,d","name":"order","field":"order_number"}
2025-09-09 15:00:32 [INFO]: ✅ Data enqueued to vendorQueue
2025-09-09 15:00:48 [INFO]: ✅ Connected to Redis server (ioredis)
2025-09-09 15:00:51 [INFO]: ✅ Connected to Redis server (ioredis)
2025-09-09 15:01:08 [INFO]: ✅ Connected to Redis server (ioredis)
2025-09-09 15:01:23 [INFO]: ✅ Data enqueued to vendorQueue
2025-09-09 15:01:23 [INFO]: ✅ Cache set for key: vendor:id:4
2025-09-09 15:01:23 [INFO]: ✅ Cache set for key: vendor:code:undefined
2025-09-09 15:01:57 [INFO]: ✅ Connected to Redis server (ioredis)
2025-09-09 15:02:14 [INFO]: ✅ Connected to Redis server (ioredis)
2025-09-09 15:02:15 [INFO]: ✅ Connected to Redis server (ioredis)
2025-09-09 15:02:17 [INFO]: ✅ Connected to Redis server (ioredis)
2025-09-09 15:03:22 [INFO]: ✅ Connected to Redis server (ioredis)
2025-09-09 15:03:25 [INFO]: ✅ Connected to Redis server (ioredis)
2025-09-09 15:03:27 [INFO]: ✅ Connected to Redis server (ioredis)
2025-09-09 15:03:30 [INFO]: ✅ Connected to Redis server (ioredis)
2025-09-09 15:03:33 [INFO]: ✅ Connected to Redis server (ioredis)
2025-09-09 15:03:47 [INFO]: ✅ Data enqueued to vendorQueue
2025-09-09 15:03:47 [INFO]: ✅ Cache set for key: vendor:id:7
2025-09-09 15:03:47 [INFO]: ✅ Cache set for key: vendor:code:VC-4279855629
2025-09-09 15:03:48 [INFO]: ✅ Cache set for key: vendor:search:{"page":"1","limit":"2","sortby":"created_at,d","name":"vendor","field":"name"}
2025-09-09 15:03:52 [INFO]: ✅ Cache set for key: vendor:search:{"page":"2","limit":"2","sortby":"created_at,d","name":"vendor","field":"name"}
2025-09-09 15:04:11 [INFO]: ✅ Cache set for key: vendor:search:{"page":"1","limit":"2","sortby":"created_at,d","name":"vendor","field":"vendor_code"}
2025-09-09 15:04:14 [INFO]: ✅ Cache set for key: vendor:search:{"page":"1","limit":"2","sortby":"created_at,d","search":"mo","name":"vendor","field":"vendor_code"}
2025-09-09 15:04:34 [INFO]: ✅ Cache set for key: vendor:search:{"page":"1","limit":"2","sortby":"created_at,d","search":"mo","name":"vendor","field":"name"}
2025-09-09 15:05:09 [INFO]: ✅ Cache set for key: vendor:search:{"page":"1","limit":"2","sortby":"created_at,d","search":"mo","status":"active","name":"vendor","field":"name"}
2025-09-09 15:05:12 [INFO]: ✅ Cache set for key: vendor:search:{"page":"1","limit":"2","sortby":"created_at,d","search":"mo","status":"inactive","name":"vendor","field":"name"}
2025-09-09 15:05:25 [INFO]: ✅ Cache set for key: vendor:search:{"page":"1","limit":"2","sortby":"created_at,d","status":"inactive","name":"vendor","field":"name"}
2025-09-09 15:07:11 [INFO]: ✅ Cache set for key: vendor:search:{"page":"1","limit":"2","sortby":"created_at,d","name":"vendor","field":"name"}
2025-09-09 15:10:18 [INFO]: ✅ Cache set for key: order:search:{"page":"1","limit":"3","sortby":"created_at,d","name":"order","field":"order_number"}
2025-09-09 15:10:19 [INFO]: ✅ Cache set for key: grn:search:{"page":"1","limit":"2","sortby":"created_at,d","name":"grn","field":"grn_number"}
2025-09-09 15:13:28 [INFO]: ✅ Cache set for key: vendor:search:{"page":"1","limit":"2","sortby":"created_at,d","name":"vendor","field":"name"}
2025-09-09 15:14:42 [INFO]: ✅ Cache set for key: product:search:{"page":"1","limit":"2","sortby":"created_at,a","name":"product","field":"name"}
2025-09-09 17:56:23 [INFO]: ✅ Connected to Redis server (ioredis)
2025-09-10 12:14:26 [ERROR]: ❌ Redis error: connect ECONNREFUSED 127.0.0.1:6379
2025-09-10 12:14:26 [ERROR]: ❌ Redis error: connect ECONNREFUSED 127.0.0.1:6379
2025-09-10 12:14:26 [ERROR]: ❌ Redis error: connect ECONNREFUSED 127.0.0.1:6379
2025-09-10 12:14:26 [ERROR]: ❌ Redis error: connect ECONNREFUSED 127.0.0.1:6379
2025-09-10 12:14:27 [ERROR]: ❌ Redis error: connect ECONNREFUSED 127.0.0.1:6379
2025-09-10 12:14:27 [ERROR]: ❌ Redis error: connect ECONNREFUSED 127.0.0.1:6379
2025-09-10 12:14:27 [ERROR]: ❌ Redis error: connect ECONNREFUSED 127.0.0.1:6379
2025-09-10 12:14:28 [ERROR]: ❌ Redis error: connect ECONNREFUSED 127.0.0.1:6379
2025-09-10 12:14:28 [ERROR]: ❌ Redis error: connect ECONNREFUSED 127.0.0.1:6379
2025-09-10 12:14:28 [ERROR]: ❌ Redis error: connect ECONNREFUSED 127.0.0.1:6379
2025-09-10 12:14:29 [ERROR]: ❌ Redis error: connect ECONNREFUSED 127.0.0.1:6379
2025-09-10 12:14:30 [ERROR]: ❌ Redis error: connect ECONNREFUSED 127.0.0.1:6379
2025-09-10 12:14:30 [ERROR]: ❌ Redis error: connect ECONNREFUSED 127.0.0.1:6379
2025-09-10 12:14:31 [ERROR]: ❌ Redis error: connect ECONNREFUSED 127.0.0.1:6379
2025-09-10 12:14:32 [ERROR]: ❌ Redis error: connect ECONNREFUSED 127.0.0.1:6379
2025-09-10 12:14:32 [ERROR]: ❌ Redis error: connect ECONNREFUSED 127.0.0.1:6379
2025-09-10 12:14:33 [ERROR]: ❌ Redis error: connect ECONNREFUSED 127.0.0.1:6379
2025-09-10 12:14:34 [ERROR]: ❌ Redis error: connect ECONNREFUSED 127.0.0.1:6379
2025-09-10 12:14:35 [ERROR]: ❌ Redis error: connect ECONNREFUSED 127.0.0.1:6379
2025-09-10 12:14:36 [ERROR]: ❌ Redis error: connect ECONNREFUSED 127.0.0.1:6379
2025-09-10 12:14:37 [ERROR]: ❌ Redis error: connect ECONNREFUSED 127.0.0.1:6379
2025-09-10 12:14:38 [ERROR]: ❌ Redis error: connect ECONNREFUSED 127.0.0.1:6379
2025-09-10 12:14:39 [ERROR]: ❌ Redis error: connect ECONNREFUSED 127.0.0.1:6379
2025-09-10 12:14:40 [ERROR]: ❌ Redis error: connect ECONNREFUSED 127.0.0.1:6379
2025-09-10 12:14:41 [ERROR]: ❌ Redis error: connect ECONNREFUSED 127.0.0.1:6379
2025-09-10 12:14:43 [ERROR]: ❌ Redis error: connect ECONNREFUSED 127.0.0.1:6379
2025-09-10 12:14:44 [ERROR]: ❌ Redis error: connect ECONNREFUSED 127.0.0.1:6379
2025-09-10 12:14:45 [ERROR]: ❌ Redis error: connect ECONNREFUSED 127.0.0.1:6379
2025-09-10 12:14:47 [ERROR]: ❌ Redis error: connect ECONNREFUSED 127.0.0.1:6379
2025-09-10 12:14:48 [ERROR]: ❌ Redis error: connect ECONNREFUSED 127.0.0.1:6379
2025-09-10 12:14:50 [ERROR]: ❌ Redis error: connect ECONNREFUSED 127.0.0.1:6379
2025-09-10 12:14:51 [ERROR]: ❌ Redis error: connect ECONNREFUSED 127.0.0.1:6379
2025-09-10 12:14:53 [ERROR]: ❌ Redis error: connect ECONNREFUSED 127.0.0.1:6379
2025-09-10 12:14:55 [ERROR]: ❌ Redis error: connect ECONNREFUSED 127.0.0.1:6379
2025-09-10 12:14:56 [ERROR]: ❌ Redis error: connect ECONNREFUSED 127.0.0.1:6379
2025-09-10 12:14:58 [ERROR]: ❌ Redis error: connect ECONNREFUSED 127.0.0.1:6379
2025-09-10 12:15:00 [ERROR]: ❌ Redis error: connect ECONNREFUSED 127.0.0.1:6379
2025-09-10 12:15:02 [ERROR]: ❌ Redis error: connect ECONNREFUSED 127.0.0.1:6379
2025-09-10 12:15:04 [ERROR]: ❌ Redis error: connect ECONNREFUSED 127.0.0.1:6379
2025-09-10 12:15:06 [ERROR]: ❌ Redis error: connect ECONNREFUSED 127.0.0.1:6379
2025-09-10 12:15:08 [ERROR]: ❌ Redis error: connect ECONNREFUSED 127.0.0.1:6379
2025-09-10 12:15:10 [ERROR]: ❌ Redis error: connect ECONNREFUSED 127.0.0.1:6379
2025-09-10 12:15:12 [ERROR]: ❌ Redis error: connect ECONNREFUSED 127.0.0.1:6379
2025-09-10 12:15:14 [ERROR]: ❌ Redis error: connect ECONNREFUSED 127.0.0.1:6379
2025-09-10 12:15:16 [ERROR]: ❌ Redis error: connect ECONNREFUSED 127.0.0.1:6379
2025-09-10 12:15:18 [ERROR]: ❌ Redis error: connect ECONNREFUSED 127.0.0.1:6379
2025-09-10 12:15:20 [ERROR]: ❌ Redis error: connect ECONNREFUSED 127.0.0.1:6379
2025-09-10 12:15:22 [ERROR]: ❌ Redis error: connect ECONNREFUSED 127.0.0.1:6379
2025-09-10 12:15:24 [ERROR]: ❌ Redis error: connect ECONNREFUSED 127.0.0.1:6379
2025-09-10 12:15:26 [ERROR]: ❌ Redis error: connect ECONNREFUSED 127.0.0.1:6379
2025-09-10 12:15:28 [ERROR]: ❌ Redis error: connect ECONNREFUSED 127.0.0.1:6379
2025-09-10 12:15:30 [ERROR]: ❌ Redis error: connect ECONNREFUSED 127.0.0.1:6379
2025-09-10 12:15:32 [ERROR]: ❌ Redis error: connect ECONNREFUSED 127.0.0.1:6379
2025-09-10 12:15:34 [ERROR]: ❌ Redis error: connect ECONNREFUSED 127.0.0.1:6379
2025-09-10 12:15:36 [ERROR]: ❌ Redis error: connect ECONNREFUSED 127.0.0.1:6379
2025-09-10 12:15:38 [ERROR]: ❌ Redis error: connect ECONNREFUSED 127.0.0.1:6379
2025-09-10 12:15:40 [ERROR]: ❌ Redis error: connect ECONNREFUSED 127.0.0.1:6379
2025-09-10 12:15:42 [ERROR]: ❌ Redis error: connect ECONNREFUSED 127.0.0.1:6379
2025-09-10 12:15:44 [ERROR]: ❌ Redis error: connect ECONNREFUSED 127.0.0.1:6379
2025-09-10 12:15:46 [ERROR]: ❌ Redis error: connect ECONNREFUSED 127.0.0.1:6379
2025-09-10 12:15:48 [ERROR]: ❌ Redis error: connect ECONNREFUSED 127.0.0.1:6379
2025-09-10 12:15:50 [ERROR]: ❌ Redis error: connect ECONNREFUSED 127.0.0.1:6379
2025-09-10 12:15:52 [ERROR]: ❌ Redis error: connect ECONNREFUSED 127.0.0.1:6379
2025-09-10 12:15:54 [ERROR]: ❌ Redis error: connect ECONNREFUSED 127.0.0.1:6379
2025-09-10 12:15:56 [ERROR]: ❌ Redis error: connect ECONNREFUSED 127.0.0.1:6379
2025-09-10 12:15:58 [ERROR]: ❌ Redis error: connect ECONNREFUSED 127.0.0.1:6379
2025-09-10 12:16:00 [ERROR]: ❌ Redis error: connect ECONNREFUSED 127.0.0.1:6379
2025-09-10 12:16:02 [ERROR]: ❌ Redis error: connect ECONNREFUSED 127.0.0.1:6379
2025-09-10 12:16:04 [ERROR]: ❌ Redis error: connect ECONNREFUSED 127.0.0.1:6379
2025-09-10 12:16:06 [ERROR]: ❌ Redis error: connect ECONNREFUSED 127.0.0.1:6379
2025-09-10 12:16:08 [ERROR]: ❌ Redis error: connect ECONNREFUSED 127.0.0.1:6379
2025-09-10 12:16:10 [ERROR]: ❌ Redis error: connect ECONNREFUSED 127.0.0.1:6379
2025-09-10 12:16:12 [ERROR]: ❌ Redis error: connect ECONNREFUSED 127.0.0.1:6379
2025-09-10 12:16:14 [ERROR]: ❌ Redis error: connect ECONNREFUSED 127.0.0.1:6379
2025-09-10 12:16:16 [ERROR]: ❌ Redis error: connect ECONNREFUSED 127.0.0.1:6379
2025-09-10 12:16:18 [ERROR]: ❌ Redis error: connect ECONNREFUSED 127.0.0.1:6379
2025-09-10 12:16:20 [ERROR]: ❌ Redis error: connect ECONNREFUSED 127.0.0.1:6379
2025-09-10 12:16:22 [INFO]: ✅ Connected to Redis server (ioredis)
2025-09-10 12:16:46 [INFO]: ✅ Connected to Redis server (ioredis)
2025-09-10 12:16:51 [INFO]: ✅ Connected to Redis server (ioredis)
2025-09-10 12:16:55 [INFO]: ✅ Connected to Redis server (ioredis)
2025-09-10 12:16:58 [INFO]: ✅ Connected to Redis server (ioredis)
2025-09-10 12:17:49 [INFO]: ✅ Cache set for key: product:search:{"page":"1","limit":"2","sortby":"created_at,a","name":"product","field":"name"}
2025-09-10 12:17:51 [INFO]: ✅ Cache set for key: vendor:search:{"page":"1","limit":"2","sortby":"created_at,d","name":"vendor","field":"name"}
2025-09-10 12:17:52 [INFO]: ✅ Cache set for key: order:search:{"page":"1","limit":"3","sortby":"created_at,d","name":"order","field":"order_number"}
2025-09-10 12:19:11 [INFO]: ✅ Connected to Redis server (ioredis)
2025-09-10 12:19:13 [INFO]: ✅ Connected to Redis server (ioredis)
2025-09-10 12:19:15 [INFO]: ✅ Cache set for key: vendor:search:moh
2025-09-10 12:19:17 [INFO]: ✅ Cache set for key: vendor:search:mo
2025-09-10 12:19:24 [INFO]: ✅ Found 1 products for query: do
2025-09-10 12:19:24 [INFO]: ✅ Cache set for key: product:search:do
2025-09-10 12:19:32 [INFO]: ✅ Cache set for key: purchaseOrder:id:1
2025-09-10 12:19:32 [INFO]: ✅ Cache set for key: purchaseOrder:number:ORD-9723866967
2025-09-10 12:19:32 [INFO]: ✅ Data enqueued to purchaseOrderQueue
2025-09-10 12:19:46 [INFO]: ✅ Cache set for key: grn:search:{"page":"1","limit":"2","sortby":"created_at,d","name":"grn","field":"grn_number"}
2025-09-10 12:20:50 [INFO]: ✅ Connected to Redis server (ioredis)
2025-09-10 12:20:51 [INFO]: ✅ Connected to Redis server (ioredis)
2025-09-10 12:20:53 [INFO]: ✅ Connected to Redis server (ioredis)
2025-09-10 12:21:23 [INFO]: ✅ Connected to Redis server (ioredis)
2025-09-10 12:21:34 [INFO]: ✅ Cache set for key: order:search}
2025-09-10 12:21:38 [INFO]: ✅ Cache set for key: vendor:search}
2025-09-10 12:21:40 [INFO]: ✅ Cache set for key: product:search}
2025-09-10 12:24:07 [INFO]: ✅ Connected to Redis server (ioredis)
2025-09-10 12:24:09 [INFO]: ✅ Connected to Redis server (ioredis)
2025-09-10 12:24:12 [INFO]: ✅ Connected to Redis server (ioredis)
2025-09-10 12:24:57 [INFO]: ✅ Cache deleted for key: purchaseOrder:id:1
2025-09-10 12:24:57 [INFO]: ✅ Cache deleted for key: purchaseOrder:number:ORD-9723866967
2025-09-10 12:24:57 [INFO]: ✅ Data enqueued to purchaseOrderQueue
2025-09-10 12:27:38 [INFO]: ✅ Cache set for key: order:search}
2025-09-10 12:27:41 [INFO]: ✅ Cache set for key: vendor:search}
2025-09-10 12:27:45 [INFO]: ✅ Cache set for key: vendor:search:mo
2025-09-10 13:19:01 [INFO]: ✅ Cache set for key: product:search}
2025-09-10 13:19:02 [INFO]: ✅ Cache set for key: vendor:search}
2025-09-10 13:19:02 [INFO]: ✅ Cache set for key: order:search}
2025-09-10 13:19:05 [INFO]: ✅ Cache set for key: vendor:search:mo
2025-09-10 13:19:13 [INFO]: ✅ Found 1 products for query: dol
2025-09-10 13:19:13 [INFO]: ✅ Cache set for key: product:search:dol
2025-09-10 13:19:19 [INFO]: ✅ Cache set for key: purchaseOrder:id:2
2025-09-10 13:19:19 [INFO]: ✅ Cache set for key: purchaseOrder:number:ORD-5592491596
2025-09-10 13:19:19 [INFO]: ✅ Data enqueued to purchaseOrderQueue
2025-09-10 13:21:36 [INFO]: ✅ Connected to Redis server (ioredis)
2025-09-10 13:21:40 [INFO]: ✅ Cache set for key: order:search
2025-09-10 13:22:28 [INFO]: ✅ Connected to Redis server (ioredis)
2025-09-10 13:22:32 [INFO]: ✅ Connected to Redis server (ioredis)
2025-09-10 13:22:34 [INFO]: ✅ Connected to Redis server (ioredis)
2025-09-10 13:22:37 [INFO]: ✅ Connected to Redis server (ioredis)
2025-09-10 13:22:45 [INFO]: ✅ Cache set for key: vendor:search
2025-09-10 13:22:48 [INFO]: ✅ Cache set for key: vendor:id:5
2025-09-10 13:23:27 [INFO]: ✅ Connected to Redis server (ioredis)
2025-09-10 13:23:30 [INFO]: ✅ Data enqueued to vendorQueue
2025-09-10 13:23:30 [INFO]: ✅ Cache set for key: vendor:id:5
2025-09-10 13:23:30 [INFO]: ✅ Cache set for key: vendor:code:VC-3872082382
2025-09-10 13:24:02 [INFO]: ✅ Connected to Redis server (ioredis)
2025-09-10 13:24:03 [INFO]: ✅ Connected to Redis server (ioredis)
2025-09-10 13:24:08 [INFO]: ✅ Connected to Redis server (ioredis)
2025-09-10 13:24:10 [INFO]: ✅ Connected to Redis server (ioredis)
2025-09-10 13:25:24 [INFO]: ✅ Cache set for key: vendor:search
2025-09-10 13:26:33 [INFO]: ✅ Cache set for key: product:search
2025-09-10 13:26:37 [INFO]: ✅ Product fetched successfully for id: 2
2025-09-10 13:26:37 [INFO]: ✅ Cache set for key: product:id:2
2025-09-10 13:26:41 [INFO]: ✅ Product updated in DB: PC-3242113345
2025-09-10 13:26:41 [INFO]: ✅ Data enqueued to productQueue
2025-09-10 13:26:41 [INFO]: ✅ Cache set for key: product:id:2
2025-09-10 13:26:41 [INFO]: ✅ Cache set for key: product:code:PC-3242113345
2025-09-10 13:27:44 [INFO]: ✅ Connected to Redis server (ioredis)
2025-09-10 13:28:13 [INFO]: ✅ Connected to Redis server (ioredis)
2025-09-10 13:28:44 [INFO]: ✅ Connected to Redis server (ioredis)
2025-09-10 13:30:35 [INFO]: ✅ Connected to Redis server (ioredis)
2025-09-10 13:30:43 [INFO]: ✅ Cache set for key: product:search:{"page":"1","limit":"2","sortby":"created_at,a","name":"product","field":"name"}
2025-09-10 13:30:45 [INFO]: ✅ Cache set for key: vendor:search:{"page":"1","limit":"2","sortby":"created_at,d","name":"vendor","field":"name"}
2025-09-10 13:30:47 [INFO]: ✅ Cache set for key: vendor:id:7
2025-09-10 13:30:58 [INFO]: ✅ Data enqueued to vendorQueue
2025-09-10 13:30:58 [INFO]: ✅ Cache set for key: vendor:id:7
2025-09-10 13:30:58 [INFO]: ✅ Cache set for key: vendor:code:VC-4279855629
2025-09-10 13:32:05 [INFO]: ✅ Connected to Redis server (ioredis)
2025-09-10 13:33:42 [INFO]: ✅ Cache set for key: vendor:search:{"page":"1","limit":"2","sortby":"created_at,d","search":"ma","name":"vendor","field":"name"}
2025-09-10 13:33:43 [INFO]: ✅ Cache set for key: vendor:search:{"page":"1","limit":"2","sortby":"created_at,d","search":"mahi","name":"vendor","field":"name"}
2025-09-10 13:33:53 [INFO]: ✅ Cache set for key: vendor:search:{"page":"1","limit":"2","sortby":"created_at,d","search":"m","name":"vendor","field":"name"}
2025-09-10 13:36:11 [INFO]: ✅ Connected to Redis server (ioredis)
2025-09-10 13:36:16 [INFO]: ✅ Connected to Redis server (ioredis)
2025-09-10 13:36:20 [INFO]: ✅ Connected to Redis server (ioredis)
2025-09-10 13:36:24 [INFO]: ✅ Connected to Redis server (ioredis)
2025-09-10 13:36:46 [INFO]: ✅ Connected to Redis server (ioredis)
2025-09-10 13:37:40 [INFO]: ✅ Connected to Redis server (ioredis)
2025-09-10 13:37:45 [INFO]: ✅ Connected to Redis server (ioredis)
2025-09-10 13:37:48 [INFO]: ✅ Found 1 products for query: DOLO
2025-09-10 13:37:48 [INFO]: ✅ Cache set for key: product:search:DOLO
2025-09-10 13:37:48 [INFO]: ✅ Cache set for key: vendor:search:Pratik
2025-09-10 13:38:23 [INFO]: ✅ Cache set for key: purchaseOrder:id:2
2025-09-10 13:38:23 [INFO]: ✅ Cache set for key: purchaseOrder:number:ORD-5592491596
2025-09-10 13:38:23 [INFO]: ✅ Data enqueued to purchaseOrderQueue
2025-09-10 13:38:47 [INFO]: ✅ Cache set for key: grn:id:1
2025-09-10 13:38:47 [INFO]: ✅ Cache set for key: grn:number:GRN-7273289633
2025-09-10 13:38:47 [INFO]: ✅ Data enqueued to grnQueue
2025-09-10 13:39:18 [INFO]: ✅ Connected to Redis server (ioredis)
2025-09-10 13:39:21 [INFO]: ✅ Connected to Redis server (ioredis)
2025-09-10 13:39:30 [INFO]: ✅ Cache set for key: grn:id:1
2025-09-10 13:39:30 [INFO]: ✅ Cache set for key: grn:number:GRN-7273289633
2025-09-10 13:39:30 [INFO]: ✅ Data enqueued to grnQueue
2025-09-10 13:39:34 [INFO]: ✅ Cache set for key: purchaseInvoice:id:1
2025-09-10 13:39:34 [INFO]: ✅ Cache set for key: purchaseInvoice:number:INV-7740832001
2025-09-10 13:39:34 [INFO]: ✅ Data enqueued to purchaseInvoiceQueue
2025-09-10 13:39:53 [INFO]: ✅ Connected to Redis server (ioredis)
2025-09-10 13:39:56 [INFO]: ✅ Connected to Redis server (ioredis)
2025-09-10 14:22:22 [INFO]: ✅ Connected to Redis server (ioredis)
2025-09-10 14:23:53 [INFO]: ✅ Connected to Redis server (ioredis)
2025-09-10 14:24:06 [INFO]: ✅ Connected to Redis server (ioredis)
2025-09-10 14:28:36 [INFO]: ✅ Connected to Redis server (ioredis)
2025-09-10 14:42:13 [INFO]: ✅ Connected to Redis server (ioredis)
2025-09-10 14:42:16 [INFO]: ✅ Connected to Redis server (ioredis)
2025-09-10 14:42:18 [INFO]: ✅ Connected to Redis server (ioredis)
2025-09-10 14:42:20 [INFO]: ✅ Connected to Redis server (ioredis)
2025-09-10 14:42:54 [INFO]: ✅ Connected to Redis server (ioredis)
2025-09-10 14:42:56 [INFO]: ✅ Connected to Redis server (ioredis)
2025-09-10 14:42:58 [INFO]: ✅ Connected to Redis server (ioredis)
2025-09-10 14:43:00 [INFO]: ✅ Connected to Redis server (ioredis)
2025-09-10 14:43:29 [INFO]: ✅ Connected to Redis server (ioredis)
2025-09-10 14:44:12 [INFO]: ✅ Connected to Redis server (ioredis)
2025-09-10 14:44:19 [INFO]: ✅ Connected to Redis server (ioredis)
2025-09-10 14:44:21 [INFO]: ✅ Connected to Redis server (ioredis)
2025-09-10 14:44:24 [INFO]: ✅ Connected to Redis server (ioredis)
2025-09-10 14:45:20 [INFO]: ✅ Connected to Redis server (ioredis)
2025-09-10 14:45:37 [INFO]: ✅ Connected to Redis server (ioredis)
2025-09-10 14:45:48 [INFO]: ✅ Connected to Redis server (ioredis)
2025-09-10 14:45:54 [INFO]: ✅ Connected to Redis server (ioredis)
2025-09-10 14:45:55 [INFO]: ✅ Connected to Redis server (ioredis)
2025-09-10 14:45:58 [INFO]: ✅ Connected to Redis server (ioredis)
2025-09-10 14:46:03 [INFO]: ✅ Connected to Redis server (ioredis)
2025-09-10 14:46:07 [INFO]: ✅ Connected to Redis server (ioredis)
2025-09-10 14:46:08 [INFO]: ✅ Connected to Redis server (ioredis)
2025-09-10 14:46:11 [INFO]: ✅ Connected to Redis server (ioredis)
2025-09-10 14:46:16 [INFO]: ✅ Connected to Redis server (ioredis)
2025-09-10 14:46:21 [INFO]: ✅ Connected to Redis server (ioredis)
2025-09-10 14:46:24 [INFO]: ✅ Connected to Redis server (ioredis)
2025-09-10 14:46:28 [INFO]: ✅ Connected to Redis server (ioredis)
2025-09-10 14:46:34 [INFO]: ✅ Connected to Redis server (ioredis)
2025-09-10 14:46:42 [INFO]: ✅ Connected to Redis server (ioredis)
2025-09-10 14:46:45 [INFO]: ✅ Connected to Redis server (ioredis)
2025-09-10 14:47:06 [INFO]: ✅ Connected to Redis server (ioredis)
2025-09-10 14:47:34 [INFO]: ✅ Connected to Redis server (ioredis)
2025-09-10 14:47:38 [INFO]: ✅ Connected to Redis server (ioredis)
2025-09-10 14:48:19 [INFO]: ✅ Connected to Redis server (ioredis)
2025-09-10 14:48:23 [INFO]: ✅ Connected to Redis server (ioredis)
2025-09-10 14:48:26 [INFO]: ✅ Connected to Redis server (ioredis)
2025-09-10 14:48:29 [INFO]: ✅ Connected to Redis server (ioredis)
2025-09-10 14:48:41 [INFO]: ✅ Connected to Redis server (ioredis)
2025-09-10 14:48:45 [INFO]: ✅ Connected to Redis server (ioredis)
2025-09-10 14:48:49 [INFO]: ✅ Connected to Redis server (ioredis)
2025-09-10 14:48:54 [INFO]: ✅ Connected to Redis server (ioredis)
2025-09-10 14:49:00 [INFO]: ✅ Connected to Redis server (ioredis)
2025-09-10 14:49:04 [INFO]: ✅ Connected to Redis server (ioredis)
2025-09-10 14:49:10 [INFO]: ✅ Connected to Redis server (ioredis)
2025-09-10 14:49:19 [INFO]: ✅ Connected to Redis server (ioredis)
2025-09-10 14:50:00 [INFO]: ✅ Connected to Redis server (ioredis)
2025-09-10 14:50:04 [INFO]: ✅ Connected to Redis server (ioredis)
2025-09-10 14:50:07 [INFO]: ✅ Connected to Redis server (ioredis)
2025-09-10 14:50:13 [INFO]: ✅ Connected to Redis server (ioredis)
2025-09-10 14:50:20 [INFO]: ✅ Connected to Redis server (ioredis)
2025-09-10 14:50:23 [INFO]: ✅ Connected to Redis server (ioredis)
2025-09-10 14:50:28 [INFO]: ✅ Connected to Redis server (ioredis)
2025-09-10 14:50:29 [INFO]: ✅ Connected to Redis server (ioredis)
2025-09-10 15:04:57 [INFO]: ✅ Connected to Redis server (ioredis)
2025-09-10 15:05:23 [INFO]: ✅ Connected to Redis server (ioredis)
2025-09-10 15:05:26 [INFO]: ✅ Connected to Redis server (ioredis)
2025-09-10 15:05:38 [INFO]: ✅ Connected to Redis server (ioredis)
2025-09-10 15:05:39 [INFO]: ✅ Connected to Redis server (ioredis)
2025-09-10 15:05:46 [INFO]: ✅ Connected to Redis server (ioredis)
2025-09-10 15:05:48 [INFO]: ✅ Connected to Redis server (ioredis)
2025-09-10 15:05:51 [INFO]: ✅ Connected to Redis server (ioredis)
2025-09-10 15:06:17 [INFO]: ✅ Connected to Redis server (ioredis)
2025-09-10 15:06:20 [INFO]: ✅ Connected to Redis server (ioredis)
2025-09-10 15:06:22 [INFO]: ✅ Connected to Redis server (ioredis)
2025-09-10 15:06:24 [INFO]: ✅ Connected to Redis server (ioredis)
2025-09-10 15:06:29 [INFO]: ✅ Connected to Redis server (ioredis)
2025-09-10 15:06:31 [INFO]: ✅ Connected to Redis server (ioredis)
2025-09-10 15:06:32 [INFO]: ✅ Connected to Redis server (ioredis)
2025-09-10 15:06:40 [INFO]: ✅ Connected to Redis server (ioredis)
2025-09-10 15:06:44 [INFO]: ✅ Connected to Redis server (ioredis)
2025-09-10 15:06:49 [INFO]: ✅ Connected to Redis server (ioredis)
2025-09-10 15:06:57 [INFO]: ✅ Connected to Redis server (ioredis)
2025-09-10 15:07:25 [INFO]: ✅ Connected to Redis server (ioredis)
2025-09-10 15:07:30 [INFO]: ✅ Connected to Redis server (ioredis)
2025-09-10 15:09:36 [INFO]: ✅ Connected to Redis server (ioredis)
2025-09-10 15:09:40 [INFO]: ✅ Connected to Redis server (ioredis)
2025-09-10 15:09:44 [INFO]: ✅ Connected to Redis server (ioredis)
2025-09-10 15:10:02 [INFO]: ✅ Connected to Redis server (ioredis)
2025-09-10 15:10:03 [INFO]: ✅ Connected to Redis server (ioredis)
2025-09-10 15:10:04 [INFO]: ✅ Connected to Redis server (ioredis)
2025-09-10 15:10:26 [INFO]: ✅ Connected to Redis server (ioredis)
2025-09-10 15:10:31 [INFO]: ✅ Connected to Redis server (ioredis)
2025-09-10 15:10:34 [INFO]: ✅ Connected to Redis server (ioredis)
2025-09-10 15:10:37 [INFO]: ✅ Connected to Redis server (ioredis)
2025-09-10 15:10:40 [INFO]: ✅ Connected to Redis server (ioredis)
2025-09-10 15:10:44 [INFO]: ✅ Connected to Redis server (ioredis)
2025-09-10 15:10:49 [INFO]: ✅ Connected to Redis server (ioredis)
2025-09-10 15:10:51 [INFO]: ✅ Connected to Redis server (ioredis)
2025-09-10 15:11:06 [INFO]: ✅ Connected to Redis server (ioredis)
2025-09-10 15:11:09 [INFO]: ✅ Connected to Redis server (ioredis)
2025-09-10 15:11:24 [INFO]: ✅ Connected to Redis server (ioredis)
2025-09-10 15:12:03 [INFO]: ✅ Connected to Redis server (ioredis)
2025-09-10 15:12:13 [INFO]: ✅ Connected to Redis server (ioredis)
2025-09-10 15:12:20 [INFO]: ✅ Connected to Redis server (ioredis)
2025-09-10 15:12:21 [INFO]: ✅ Connected to Redis server (ioredis)
2025-09-10 15:12:29 [INFO]: ✅ Connected to Redis server (ioredis)
2025-09-10 15:12:41 [INFO]: ✅ Connected to Redis server (ioredis)
2025-09-10 15:12:43 [INFO]: ✅ Connected to Redis server (ioredis)
2025-09-10 15:12:46 [INFO]: ✅ Connected to Redis server (ioredis)
2025-09-10 15:12:52 [INFO]: ✅ Connected to Redis server (ioredis)
2025-09-10 15:12:55 [INFO]: ✅ Connected to Redis server (ioredis)
2025-09-10 15:12:58 [INFO]: ✅ Connected to Redis server (ioredis)
2025-09-10 15:12:59 [INFO]: ✅ Connected to Redis server (ioredis)
2025-09-10 15:13:01 [INFO]: ✅ Connected to Redis server (ioredis)
2025-09-10 15:13:22 [INFO]: ✅ Connected to Redis server (ioredis)
2025-09-10 15:13:26 [INFO]: ✅ Connected to Redis server (ioredis)
2025-09-10 15:13:35 [INFO]: ✅ Connected to Redis server (ioredis)
2025-09-10 15:13:38 [INFO]: ✅ Connected to Redis server (ioredis)
2025-09-10 15:13:43 [INFO]: ✅ Connected to Redis server (ioredis)
2025-09-10 15:13:45 [INFO]: ✅ Connected to Redis server (ioredis)
2025-09-10 15:13:59 [INFO]: ✅ Connected to Redis server (ioredis)
2025-09-10 15:14:01 [INFO]: ✅ Connected to Redis server (ioredis)
2025-09-10 15:14:03 [INFO]: ✅ Connected to Redis server (ioredis)
2025-09-10 15:14:07 [INFO]: ✅ Connected to Redis server (ioredis)
2025-09-10 15:14:11 [INFO]: ✅ Connected to Redis server (ioredis)
2025-09-10 15:14:17 [INFO]: ✅ Connected to Redis server (ioredis)
2025-09-10 15:14:20 [INFO]: ✅ Connected to Redis server (ioredis)
2025-09-10 15:14:21 [INFO]: ✅ Connected to Redis server (ioredis)
2025-09-10 15:14:32 [INFO]: ✅ Connected to Redis server (ioredis)
2025-09-10 15:14:34 [INFO]: ✅ Connected to Redis server (ioredis)
2025-09-10 15:14:35 [INFO]: ✅ Connected to Redis server (ioredis)
2025-09-10 15:14:36 [INFO]: ✅ Connected to Redis server (ioredis)
2025-09-10 15:14:46 [INFO]: ✅ Connected to Redis server (ioredis)
2025-09-10 15:14:51 [INFO]: ✅ Connected to Redis server (ioredis)
2025-09-10 15:15:00 [INFO]: ✅ Connected to Redis server (ioredis)
2025-09-10 15:15:04 [INFO]: ✅ Connected to Redis server (ioredis)
2025-09-10 15:15:06 [INFO]: ✅ Connected to Redis server (ioredis)
2025-09-10 15:15:26 [INFO]: ✅ Connected to Redis server (ioredis)
2025-09-10 15:15:31 [INFO]: ✅ Connected to Redis server (ioredis)
2025-09-10 15:15:34 [INFO]: ✅ Connected to Redis server (ioredis)
2025-09-10 15:15:37 [INFO]: ✅ Connected to Redis server (ioredis)
2025-09-10 15:15:40 [INFO]: ✅ Connected to Redis server (ioredis)
2025-09-10 15:15:51 [INFO]: ✅ Connected to Redis server (ioredis)
2025-09-10 15:16:01 [INFO]: ✅ Connected to Redis server (ioredis)
2025-09-10 15:16:02 [INFO]: ✅ Connected to Redis server (ioredis)
2025-09-10 15:16:04 [INFO]: ✅ Connected to Redis server (ioredis)
2025-09-10 15:16:12 [INFO]: ✅ Connected to Redis server (ioredis)
2025-09-10 15:16:25 [INFO]: ✅ Connected to Redis server (ioredis)
2025-09-10 15:16:28 [INFO]: ✅ Connected to Redis server (ioredis)
2025-09-10 15:16:33 [INFO]: ✅ Connected to Redis server (ioredis)
2025-09-10 15:16:40 [INFO]: ✅ Connected to Redis server (ioredis)
2025-09-10 15:16:44 [INFO]: ✅ Connected to Redis server (ioredis)
2025-09-10 15:16:45 [INFO]: ✅ Connected to Redis server (ioredis)
2025-09-10 15:16:52 [INFO]: ✅ Connected to Redis server (ioredis)
2025-09-10 15:16:55 [INFO]: ✅ Connected to Redis server (ioredis)
2025-09-10 15:16:59 [INFO]: ✅ Connected to Redis server (ioredis)
2025-09-10 15:17:04 [INFO]: ✅ Connected to Redis server (ioredis)
2025-09-10 15:17:10 [INFO]: ✅ Connected to Redis server (ioredis)
2025-09-10 15:17:15 [INFO]: ✅ Connected to Redis server (ioredis)
2025-09-10 15:17:17 [INFO]: ✅ Connected to Redis server (ioredis)
2025-09-10 15:17:18 [INFO]: ✅ Connected to Redis server (ioredis)
2025-09-10 15:17:42 [INFO]: ✅ Connected to Redis server (ioredis)
2025-09-10 15:17:52 [INFO]: ✅ Connected to Redis server (ioredis)
2025-09-10 15:17:59 [INFO]: ✅ Connected to Redis server (ioredis)
2025-09-10 15:18:08 [INFO]: ✅ Connected to Redis server (ioredis)
2025-09-10 15:18:14 [INFO]: ✅ Connected to Redis server (ioredis)
2025-09-10 15:18:17 [INFO]: ✅ Connected to Redis server (ioredis)
2025-09-10 15:18:37 [INFO]: ✅ Connected to Redis server (ioredis)
2025-09-10 15:18:45 [INFO]: ✅ Connected to Redis server (ioredis)
2025-09-10 15:19:07 [INFO]: ✅ Connected to Redis server (ioredis)
2025-09-10 15:19:17 [INFO]: ✅ Connected to Redis server (ioredis)
2025-09-10 15:19:22 [INFO]: ✅ Connected to Redis server (ioredis)
2025-09-10 15:19:25 [INFO]: ✅ Connected to Redis server (ioredis)
2025-09-10 15:19:42 [INFO]: ✅ Connected to Redis server (ioredis)
2025-09-10 15:19:45 [INFO]: ✅ Connected to Redis server (ioredis)
2025-09-10 15:19:49 [INFO]: ✅ Connected to Redis server (ioredis)
2025-09-10 15:19:56 [INFO]: ✅ Connected to Redis server (ioredis)
2025-09-10 15:20:17 [INFO]: ✅ Connected to Redis server (ioredis)
2025-09-10 15:20:19 [INFO]: ✅ Connected to Redis server (ioredis)
2025-09-10 15:20:27 [INFO]: ✅ Connected to Redis server (ioredis)
2025-09-10 15:20:36 [INFO]: ✅ Connected to Redis server (ioredis)
2025-09-10 15:20:43 [INFO]: ✅ Connected to Redis server (ioredis)
2025-09-10 15:20:50 [INFO]: ✅ Connected to Redis server (ioredis)
2025-09-10 15:20:55 [INFO]: ✅ Connected to Redis server (ioredis)
2025-09-10 15:20:57 [INFO]: ✅ Connected to Redis server (ioredis)
2025-09-10 15:20:59 [INFO]: ✅ Connected to Redis server (ioredis)
2025-09-10 15:21:02 [INFO]: ✅ Connected to Redis server (ioredis)
2025-09-10 15:21:03 [INFO]: ✅ Connected to Redis server (ioredis)
2025-09-10 15:21:15 [INFO]: ✅ Connected to Redis server (ioredis)
2025-09-10 15:21:17 [INFO]: ✅ Connected to Redis server (ioredis)
2025-09-10 15:21:19 [INFO]: ✅ Connected to Redis server (ioredis)
2025-09-10 15:21:22 [INFO]: ✅ Connected to Redis server (ioredis)
2025-09-10 15:21:41 [INFO]: ✅ Connected to Redis server (ioredis)
2025-09-10 15:22:02 [INFO]: ✅ Connected to Redis server (ioredis)
2025-09-10 15:22:04 [INFO]: ✅ Connected to Redis server (ioredis)
2025-09-10 15:22:11 [INFO]: ✅ Connected to Redis server (ioredis)
2025-09-10 15:22:16 [INFO]: ✅ Connected to Redis server (ioredis)
2025-09-10 15:23:18 [INFO]: ✅ Connected to Redis server (ioredis)
2025-09-10 15:23:25 [INFO]: ✅ Connected to Redis server (ioredis)
2025-09-10 15:23:27 [INFO]: ✅ Connected to Redis server (ioredis)
2025-09-10 15:23:29 [INFO]: ✅ Connected to Redis server (ioredis)
2025-09-10 15:23:32 [INFO]: ✅ Connected to Redis server (ioredis)
2025-09-10 15:23:35 [INFO]: ✅ Connected to Redis server (ioredis)
2025-09-10 15:23:37 [INFO]: ✅ Connected to Redis server (ioredis)
2025-09-10 15:24:29 [INFO]: ✅ Connected to Redis server (ioredis)
2025-09-10 15:24:34 [INFO]: ✅ Connected to Redis server (ioredis)
2025-09-10 15:24:41 [INFO]: ✅ Connected to Redis server (ioredis)
2025-09-10 15:24:48 [INFO]: ✅ Connected to Redis server (ioredis)
2025-09-10 15:24:50 [INFO]: ✅ Connected to Redis server (ioredis)
2025-09-10 15:24:58 [INFO]: ✅ Connected to Redis server (ioredis)
2025-09-10 15:24:59 [INFO]: ✅ Connected to Redis server (ioredis)
2025-09-10 15:25:41 [INFO]: ✅ Connected to Redis server (ioredis)
2025-09-10 15:25:44 [INFO]: ✅ Connected to Redis server (ioredis)
2025-09-10 15:25:59 [INFO]: ✅ Connected to Redis server (ioredis)
2025-09-10 15:26:01 [INFO]: ✅ Connected to Redis server (ioredis)
2025-09-10 15:26:03 [INFO]: ✅ Connected to Redis server (ioredis)
2025-09-10 15:26:09 [INFO]: ✅ Connected to Redis server (ioredis)
2025-09-10 15:26:12 [INFO]: ✅ Connected to Redis server (ioredis)
2025-09-10 15:26:15 [INFO]: ✅ Connected to Redis server (ioredis)
2025-09-10 15:26:21 [INFO]: ✅ Connected to Redis server (ioredis)
2025-09-10 15:26:28 [INFO]: ✅ Connected to Redis server (ioredis)
2025-09-10 15:26:32 [INFO]: ✅ Connected to Redis server (ioredis)
2025-09-10 15:26:35 [INFO]: ✅ Connected to Redis server (ioredis)
2025-09-10 15:26:42 [INFO]: ✅ Connected to Redis server (ioredis)
2025-09-10 15:26:44 [INFO]: ✅ Connected to Redis server (ioredis)
2025-09-10 15:26:48 [INFO]: ✅ Connected to Redis server (ioredis)
2025-09-10 15:26:55 [INFO]: ✅ Connected to Redis server (ioredis)
2025-09-10 15:27:01 [INFO]: ✅ Connected to Redis server (ioredis)
2025-09-10 15:27:04 [INFO]: ✅ Connected to Redis server (ioredis)
2025-09-10 15:27:06 [INFO]: ✅ Connected to Redis server (ioredis)
2025-09-10 15:27:15 [INFO]: ✅ Connected to Redis server (ioredis)
2025-09-10 15:27:48 [INFO]: ✅ Connected to Redis server (ioredis)
2025-09-10 15:27:51 [INFO]: ✅ Connected to Redis server (ioredis)
2025-09-10 15:27:54 [INFO]: ✅ Connected to Redis server (ioredis)
2025-09-10 15:27:55 [INFO]: ✅ Connected to Redis server (ioredis)
2025-09-10 15:27:57 [INFO]: ✅ Connected to Redis server (ioredis)
2025-09-10 15:27:58 [INFO]: ✅ Connected to Redis server (ioredis)
2025-09-10 15:28:29 [INFO]: ✅ Connected to Redis server (ioredis)
2025-09-10 15:28:34 [INFO]: ✅ Connected to Redis server (ioredis)
2025-09-10 15:28:36 [INFO]: ✅ Connected to Redis server (ioredis)
2025-09-10 15:29:30 [INFO]: ✅ Connected to Redis server (ioredis)
2025-09-10 15:29:36 [INFO]: ✅ Connected to Redis server (ioredis)
2025-09-10 15:29:38 [INFO]: ✅ Connected to Redis server (ioredis)
2025-09-10 15:29:41 [INFO]: ✅ Connected to Redis server (ioredis)
2025-09-10 15:29:42 [INFO]: ✅ Connected to Redis server (ioredis)
2025-09-10 15:29:45 [INFO]: ✅ Connected to Redis server (ioredis)
2025-09-10 15:29:47 [INFO]: ✅ Connected to Redis server (ioredis)
2025-09-10 15:29:58 [INFO]: ✅ Connected to Redis server (ioredis)
2025-09-10 15:30:03 [INFO]: ✅ Connected to Redis server (ioredis)
2025-09-10 15:30:39 [INFO]: ✅ Connected to Redis server (ioredis)
2025-09-10 15:30:45 [INFO]: ✅ Connected to Redis server (ioredis)
2025-09-10 15:30:47 [INFO]: ✅ Connected to Redis server (ioredis)
2025-09-10 15:30:50 [INFO]: ✅ Connected to Redis server (ioredis)
2025-09-10 15:30:54 [INFO]: ✅ Connected to Redis server (ioredis)
2025-09-10 15:31:01 [INFO]: ✅ Connected to Redis server (ioredis)
2025-09-10 15:31:02 [INFO]: ✅ Connected to Redis server (ioredis)
2025-09-10 15:31:05 [INFO]: ✅ Connected to Redis server (ioredis)
2025-09-10 15:31:08 [INFO]: ✅ Connected to Redis server (ioredis)
2025-09-10 15:31:17 [INFO]: ✅ Connected to Redis server (ioredis)
2025-09-10 15:31:18 [INFO]: ✅ Connected to Redis server (ioredis)
2025-09-10 15:31:19 [INFO]: ✅ Connected to Redis server (ioredis)
2025-09-10 15:31:26 [INFO]: ✅ Connected to Redis server (ioredis)
2025-09-10 15:31:29 [INFO]: ✅ Connected to Redis server (ioredis)
2025-09-10 15:31:31 [INFO]: ✅ Connected to Redis server (ioredis)
2025-09-10 15:31:34 [INFO]: ✅ Connected to Redis server (ioredis)
2025-09-10 15:31:36 [INFO]: ✅ Connected to Redis server (ioredis)
2025-09-10 15:31:39 [INFO]: ✅ Connected to Redis server (ioredis)
2025-09-10 15:31:41 [INFO]: ✅ Connected to Redis server (ioredis)
2025-09-10 15:31:44 [INFO]: ✅ Connected to Redis server (ioredis)
2025-09-10 15:31:52 [INFO]: ✅ Connected to Redis server (ioredis)
2025-09-10 15:31:53 [INFO]: ✅ Connected to Redis server (ioredis)
2025-09-10 15:31:55 [INFO]: ✅ Connected to Redis server (ioredis)
2025-09-10 15:32:00 [INFO]: ✅ Connected to Redis server (ioredis)
2025-09-10 15:32:01 [INFO]: ✅ Connected to Redis server (ioredis)
2025-09-10 15:32:04 [INFO]: ✅ Connected to Redis server (ioredis)
2025-09-10 15:32:06 [INFO]: ✅ Connected to Redis server (ioredis)
2025-09-10 15:32:09 [INFO]: ✅ Connected to Redis server (ioredis)
2025-09-10 15:32:13 [INFO]: ✅ Connected to Redis server (ioredis)
2025-09-10 15:32:22 [INFO]: ✅ Connected to Redis server (ioredis)
2025-09-10 15:32:24 [INFO]: ✅ Connected to Redis server (ioredis)
2025-09-10 15:32:26 [INFO]: ✅ Connected to Redis server (ioredis)
2025-09-10 15:32:29 [INFO]: ✅ Connected to Redis server (ioredis)
2025-09-10 15:32:31 [INFO]: ✅ Connected to Redis server (ioredis)
2025-09-10 15:32:34 [INFO]: ✅ Connected to Redis server (ioredis)
2025-09-10 15:32:36 [INFO]: ✅ Connected to Redis server (ioredis)
2025-09-10 15:32:38 [INFO]: ✅ Connected to Redis server (ioredis)
2025-09-10 15:32:40 [INFO]: ✅ Connected to Redis server (ioredis)
2025-09-10 15:32:45 [INFO]: ✅ Connected to Redis server (ioredis)
2025-09-10 15:32:47 [INFO]: ✅ Connected to Redis server (ioredis)
2025-09-10 15:33:08 [INFO]: ✅ Connected to Redis server (ioredis)
2025-09-10 15:33:28 [INFO]: ✅ Connected to Redis server (ioredis)
2025-09-10 15:33:32 [INFO]: ✅ Connected to Redis server (ioredis)
2025-09-10 15:33:38 [INFO]: ✅ Connected to Redis server (ioredis)
2025-09-10 15:33:40 [INFO]: ✅ Connected to Redis server (ioredis)
2025-09-10 15:36:30 [INFO]: ✅ Connected to Redis server (ioredis)
2025-09-10 15:37:36 [INFO]: ✅ Connected to Redis server (ioredis)
2025-09-11 09:10:00 [ERROR]: ❌ Redis error: connect ECONNREFUSED 127.0.0.1:6379
2025-09-11 09:10:00 [ERROR]: ❌ Redis error: connect ECONNREFUSED 127.0.0.1:6379
2025-09-11 09:10:00 [ERROR]: ❌ Redis error: connect ECONNREFUSED 127.0.0.1:6379
2025-09-11 09:10:00 [ERROR]: ❌ Redis error: connect ECONNREFUSED 127.0.0.1:6379
2025-09-11 09:10:01 [ERROR]: ❌ Redis error: connect ECONNREFUSED 127.0.0.1:6379
2025-09-11 09:10:01 [ERROR]: ❌ Redis error: connect ECONNREFUSED 127.0.0.1:6379
2025-09-11 09:10:01 [ERROR]: ❌ Redis error: connect ECONNREFUSED 127.0.0.1:6379
2025-09-11 09:10:02 [ERROR]: ❌ Redis error: connect ECONNREFUSED 127.0.0.1:6379
2025-09-11 09:10:02 [ERROR]: ❌ Redis error: connect ECONNREFUSED 127.0.0.1:6379
2025-09-11 09:10:02 [ERROR]: ❌ Redis error: connect ECONNREFUSED 127.0.0.1:6379
2025-09-11 09:10:03 [ERROR]: ❌ Redis error: connect ECONNREFUSED 127.0.0.1:6379
2025-09-11 09:10:04 [ERROR]: ❌ Redis error: connect ECONNREFUSED 127.0.0.1:6379
2025-09-11 09:10:04 [ERROR]: ❌ Redis error: connect ECONNREFUSED 127.0.0.1:6379
2025-09-11 09:10:05 [ERROR]: ❌ Redis error: connect ECONNREFUSED 127.0.0.1:6379
2025-09-11 09:10:06 [ERROR]: ❌ Redis error: connect ECONNREFUSED 127.0.0.1:6379
2025-09-11 09:10:06 [ERROR]: ❌ Redis error: connect ECONNREFUSED 127.0.0.1:6379
2025-09-11 09:10:07 [ERROR]: ❌ Redis error: connect ECONNREFUSED 127.0.0.1:6379
2025-09-11 09:10:08 [ERROR]: ❌ Redis error: connect ECONNREFUSED 127.0.0.1:6379
2025-09-11 09:10:09 [ERROR]: ❌ Redis error: connect ECONNREFUSED 127.0.0.1:6379
2025-09-11 09:10:10 [ERROR]: ❌ Redis error: connect ECONNREFUSED 127.0.0.1:6379
2025-09-11 09:10:11 [ERROR]: ❌ Redis error: connect ECONNREFUSED 127.0.0.1:6379
2025-09-11 09:10:12 [ERROR]: ❌ Redis error: connect ECONNREFUSED 127.0.0.1:6379
2025-09-11 09:10:13 [ERROR]: ❌ Redis error: connect ECONNREFUSED 127.0.0.1:6379
2025-09-11 09:10:14 [ERROR]: ❌ Redis error: connect ECONNREFUSED 127.0.0.1:6379
2025-09-11 09:10:15 [ERROR]: ❌ Redis error: connect ECONNREFUSED 127.0.0.1:6379
2025-09-11 09:10:17 [ERROR]: ❌ Redis error: connect ECONNREFUSED 127.0.0.1:6379
2025-09-11 09:10:18 [ERROR]: ❌ Redis error: connect ECONNREFUSED 127.0.0.1:6379
2025-09-11 09:10:19 [ERROR]: ❌ Redis error: connect ECONNREFUSED 127.0.0.1:6379
2025-09-11 09:10:21 [ERROR]: ❌ Redis error: connect ECONNREFUSED 127.0.0.1:6379
2025-09-11 09:10:22 [ERROR]: ❌ Redis error: connect ECONNREFUSED 127.0.0.1:6379
2025-09-11 09:10:24 [ERROR]: ❌ Redis error: connect ECONNREFUSED 127.0.0.1:6379
2025-09-11 09:10:25 [ERROR]: ❌ Redis error: connect ECONNREFUSED 127.0.0.1:6379
2025-09-11 09:10:27 [ERROR]: ❌ Redis error: connect ECONNREFUSED 127.0.0.1:6379
2025-09-11 09:10:29 [ERROR]: ❌ Redis error: connect ECONNREFUSED 127.0.0.1:6379
2025-09-11 09:10:30 [ERROR]: ❌ Redis error: connect ECONNREFUSED 127.0.0.1:6379
2025-09-11 09:10:32 [ERROR]: ❌ Redis error: connect ECONNREFUSED 127.0.0.1:6379
2025-09-11 09:10:34 [ERROR]: ❌ Redis error: connect ECONNREFUSED 127.0.0.1:6379
2025-09-11 09:10:36 [ERROR]: ❌ Redis error: connect ECONNREFUSED 127.0.0.1:6379
2025-09-11 09:10:38 [ERROR]: ❌ Redis error: connect ECONNREFUSED 127.0.0.1:6379
2025-09-11 09:10:40 [ERROR]: ❌ Redis error: connect ECONNREFUSED 127.0.0.1:6379
2025-09-11 09:10:42 [ERROR]: ❌ Redis error: connect ECONNREFUSED 127.0.0.1:6379
2025-09-11 09:10:44 [ERROR]: ❌ Redis error: connect ECONNREFUSED 127.0.0.1:6379
2025-09-11 09:10:46 [ERROR]: ❌ Redis error: connect ECONNREFUSED 127.0.0.1:6379
2025-09-11 09:10:48 [ERROR]: ❌ Redis error: connect ECONNREFUSED 127.0.0.1:6379
2025-09-11 09:10:50 [ERROR]: ❌ Redis error: connect ECONNREFUSED 127.0.0.1:6379
2025-09-11 09:10:52 [ERROR]: ❌ Redis error: connect ECONNREFUSED 127.0.0.1:6379
2025-09-11 09:10:54 [ERROR]: ❌ Redis error: connect ECONNREFUSED 127.0.0.1:6379
2025-09-11 09:10:56 [ERROR]: ❌ Redis error: connect ECONNREFUSED 127.0.0.1:6379
2025-09-11 09:10:58 [ERROR]: ❌ Redis error: connect ECONNREFUSED 127.0.0.1:6379
2025-09-11 09:11:00 [ERROR]: ❌ Redis error: connect ECONNREFUSED 127.0.0.1:6379
2025-09-11 09:11:02 [ERROR]: ❌ Redis error: connect ECONNREFUSED 127.0.0.1:6379
2025-09-11 09:11:04 [ERROR]: ❌ Redis error: connect ECONNREFUSED 127.0.0.1:6379
2025-09-11 09:11:06 [INFO]: ✅ Connected to Redis server (ioredis)
2025-09-11 09:14:32 [INFO]: ✅ Connected to Redis server (ioredis)
2025-09-11 09:14:34 [INFO]: ✅ Connected to Redis server (ioredis)
2025-09-11 09:14:45 [INFO]: ✅ Connected to Redis server (ioredis)
2025-09-11 09:14:47 [INFO]: ✅ Connected to Redis server (ioredis)
2025-09-11 09:14:54 [INFO]: ✅ Connected to Redis server (ioredis)
2025-09-11 09:15:02 [INFO]: ✅ Connected to Redis server (ioredis)
2025-09-11 09:15:10 [INFO]: ✅ Connected to Redis server (ioredis)
2025-09-11 09:15:17 [INFO]: ✅ Connected to Redis server (ioredis)
2025-09-11 09:15:26 [INFO]: ✅ Connected to Redis server (ioredis)
2025-09-11 09:15:38 [INFO]: ✅ Connected to Redis server (ioredis)
2025-09-11 09:15:39 [INFO]: ✅ Connected to Redis server (ioredis)
2025-09-11 09:15:43 [INFO]: ✅ Connected to Redis server (ioredis)
2025-09-11 09:15:45 [INFO]: ✅ Connected to Redis server (ioredis)
2025-09-11 09:15:49 [INFO]: ✅ Connected to Redis server (ioredis)
2025-09-11 09:15:54 [INFO]: ✅ Connected to Redis server (ioredis)
2025-09-11 09:16:25 [INFO]: ✅ Connected to Redis server (ioredis)
2025-09-11 09:16:29 [INFO]: ✅ Connected to Redis server (ioredis)
2025-09-11 09:16:36 [INFO]: ✅ Connected to Redis server (ioredis)
2025-09-11 09:16:39 [INFO]: ✅ Connected to Redis server (ioredis)
2025-09-11 09:17:24 [INFO]: ✅ Connected to Redis server (ioredis)
2025-09-11 09:17:38 [INFO]: ✅ Connected to Redis server (ioredis)
2025-09-11 09:17:41 [INFO]: ✅ Connected to Redis server (ioredis)
2025-09-11 09:18:03 [INFO]: ✅ Connected to Redis server (ioredis)
2025-09-11 09:19:02 [INFO]: ✅ Connected to Redis server (ioredis)
2025-09-11 09:19:28 [INFO]: ✅ Connected to Redis server (ioredis)
2025-09-11 09:19:31 [INFO]: ✅ Connected to Redis server (ioredis)
2025-09-11 09:20:05 [INFO]: ✅ Connected to Redis server (ioredis)
2025-09-11 09:20:32 [INFO]: ✅ Connected to Redis server (ioredis)
2025-09-11 09:20:50 [INFO]: ✅ Connected to Redis server (ioredis)
2025-09-11 09:21:01 [INFO]: ✅ Connected to Redis server (ioredis)
2025-09-11 09:23:39 [INFO]: ✅ Connected to Redis server (ioredis)
2025-09-11 09:30:04 [INFO]: ✅ Connected to Redis server (ioredis)
2025-09-11 09:30:09 [INFO]: ✅ Connected to Redis server (ioredis)
2025-09-11 09:31:01 [INFO]: ✅ Connected to Redis server (ioredis)
2025-09-11 09:35:21 [INFO]: ✅ Connected to Redis server (ioredis)
2025-09-11 09:35:27 [INFO]: ✅ Connected to Redis server (ioredis)
2025-09-11 09:36:59 [INFO]: ✅ Connected to Redis server (ioredis)
2025-09-11 09:37:01 [INFO]: ✅ Connected to Redis server (ioredis)
2025-09-11 09:37:43 [INFO]: ✅ Connected to Redis server (ioredis)
2025-09-11 09:37:57 [INFO]: ✅ Connected to Redis server (ioredis)
2025-09-11 09:38:20 [INFO]: ✅ Connected to Redis server (ioredis)
2025-09-11 09:38:30 [INFO]: ✅ Connected to Redis server (ioredis)
2025-09-11 09:38:39 [INFO]: ✅ Connected to Redis server (ioredis)
2025-09-11 09:39:05 [INFO]: ✅ Connected to Redis server (ioredis)
2025-09-11 09:39:15 [INFO]: ✅ Connected to Redis server (ioredis)
2025-09-11 09:39:25 [INFO]: ✅ Connected to Redis server (ioredis)
2025-09-11 09:39:26 [INFO]: ✅ Connected to Redis server (ioredis)
2025-09-11 09:39:38 [INFO]: ✅ Connected to Redis server (ioredis)
2025-09-11 09:39:41 [INFO]: ✅ Connected to Redis server (ioredis)
2025-09-11 09:39:50 [INFO]: ✅ Connected to Redis server (ioredis)
2025-09-11 09:39:55 [INFO]: ✅ Connected to Redis server (ioredis)
2025-09-11 09:39:57 [INFO]: ✅ Connected to Redis server (ioredis)
2025-09-11 09:40:29 [INFO]: ✅ Connected to Redis server (ioredis)
2025-09-11 09:40:32 [INFO]: ✅ Connected to Redis server (ioredis)
2025-09-11 09:41:18 [INFO]: ✅ Connected to Redis server (ioredis)
2025-09-11 09:41:52 [INFO]: ✅ Connected to Redis server (ioredis)
2025-09-11 09:43:36 [INFO]: ✅ Connected to Redis server (ioredis)
2025-09-11 09:43:54 [INFO]: ✅ Connected to Redis server (ioredis)
2025-09-11 09:44:32 [INFO]: ✅ Connected to Redis server (ioredis)
2025-09-11 09:46:30 [INFO]: ✅ Connected to Redis server (ioredis)
2025-09-11 09:46:31 [INFO]: ✅ Connected to Redis server (ioredis)
2025-09-11 09:46:33 [INFO]: ✅ Connected to Redis server (ioredis)
2025-09-11 09:46:38 [INFO]: ✅ Connected to Redis server (ioredis)
2025-09-11 09:46:39 [INFO]: ✅ Connected to Redis server (ioredis)
2025-09-11 09:46:41 [INFO]: ✅ Connected to Redis server (ioredis)
2025-09-11 09:46:42 [INFO]: ✅ Connected to Redis server (ioredis)
2025-09-11 09:47:24 [INFO]: ✅ Connected to Redis server (ioredis)
2025-09-11 09:48:29 [INFO]: ✅ Connected to Redis server (ioredis)
2025-09-11 09:48:47 [INFO]: ✅ Connected to Redis server (ioredis)
2025-09-11 09:49:59 [INFO]: ✅ Connected to Redis server (ioredis)
2025-09-11 09:51:47 [INFO]: ✅ Connected to Redis server (ioredis)
2025-09-11 09:51:49 [INFO]: ✅ Connected to Redis server (ioredis)
2025-09-11 09:53:24 [INFO]: ✅ Connected to Redis server (ioredis)
2025-09-11 09:54:53 [INFO]: ✅ Connected to Redis server (ioredis)
2025-09-11 09:55:00 [INFO]: ✅ Connected to Redis server (ioredis)
2025-09-11 09:55:14 [INFO]: ✅ Connected to Redis server (ioredis)
2025-09-11 09:55:19 [INFO]: ✅ Connected to Redis server (ioredis)
2025-09-11 09:56:16 [INFO]: ✅ Connected to Redis server (ioredis)
2025-09-11 09:56:19 [INFO]: ✅ Connected to Redis server (ioredis)
2025-09-11 09:56:21 [INFO]: ✅ Connected to Redis server (ioredis)
2025-09-11 09:56:47 [INFO]: ✅ Connected to Redis server (ioredis)
2025-09-11 09:56:58 [INFO]: ✅ Connected to Redis server (ioredis)
2025-09-11 09:58:21 [INFO]: ✅ Connected to Redis server (ioredis)
2025-09-11 09:58:24 [INFO]: ✅ Connected to Redis server (ioredis)
2025-09-11 09:58:44 [INFO]: ✅ Connected to Redis server (ioredis)
2025-09-11 09:59:06 [INFO]: ✅ Connected to Redis server (ioredis)
2025-09-11 09:59:12 [INFO]: ✅ Connected to Redis server (ioredis)
2025-09-11 09:59:14 [INFO]: ✅ Connected to Redis server (ioredis)
2025-09-11 10:01:24 [INFO]: ✅ Connected to Redis server (ioredis)
2025-09-11 10:02:37 [INFO]: ✅ Connected to Redis server (ioredis)
2025-09-11 10:02:39 [INFO]: ✅ Connected to Redis server (ioredis)
2025-09-11 10:02:42 [INFO]: ✅ Connected to Redis server (ioredis)
2025-09-11 10:02:45 [INFO]: ✅ Connected to Redis server (ioredis)
2025-09-11 10:02:47 [INFO]: ✅ Connected to Redis server (ioredis)
2025-09-11 10:02:49 [INFO]: ✅ Connected to Redis server (ioredis)
2025-09-11 10:02:50 [INFO]: ✅ Connected to Redis server (ioredis)
2025-09-11 10:02:52 [INFO]: ✅ Connected to Redis server (ioredis)
2025-09-11 10:02:54 [INFO]: ✅ Connected to Redis server (ioredis)
2025-09-11 10:02:55 [INFO]: ✅ Connected to Redis server (ioredis)
2025-09-11 10:02:58 [INFO]: ✅ Connected to Redis server (ioredis)
2025-09-11 10:03:00 [INFO]: ✅ Connected to Redis server (ioredis)
2025-09-11 10:03:02 [INFO]: ✅ Connected to Redis server (ioredis)
2025-09-11 10:03:03 [INFO]: ✅ Connected to Redis server (ioredis)
2025-09-11 10:03:05 [INFO]: ✅ Connected to Redis server (ioredis)
2025-09-11 10:03:07 [INFO]: ✅ Connected to Redis server (ioredis)
2025-09-11 10:03:08 [INFO]: ✅ Connected to Redis server (ioredis)
2025-09-11 10:03:10 [INFO]: ✅ Connected to Redis server (ioredis)
2025-09-11 10:03:12 [INFO]: ✅ Connected to Redis server (ioredis)
2025-09-11 10:03:28 [INFO]: ✅ Connected to Redis server (ioredis)
2025-09-11 10:03:30 [INFO]: ✅ Connected to Redis server (ioredis)
2025-09-11 10:03:37 [INFO]: ✅ Connected to Redis server (ioredis)
2025-09-11 10:05:38 [INFO]: ✅ Connected to Redis server (ioredis)
2025-09-11 10:05:40 [INFO]: ✅ Connected to Redis server (ioredis)
2025-09-11 10:06:32 [INFO]: ✅ Connected to Redis server (ioredis)
2025-09-11 10:08:44 [INFO]: ✅ Connected to Redis server (ioredis)
2025-09-11 10:08:49 [INFO]: ✅ Connected to Redis server (ioredis)
2025-09-11 10:08:51 [INFO]: ✅ Connected to Redis server (ioredis)
2025-09-11 10:08:52 [INFO]: ✅ Connected to Redis server (ioredis)
2025-09-11 10:09:00 [INFO]: ✅ Connected to Redis server (ioredis)
2025-09-11 10:09:05 [INFO]: ✅ Connected to Redis server (ioredis)
2025-09-11 10:09:12 [INFO]: ✅ Connected to Redis server (ioredis)
2025-09-11 10:09:22 [INFO]: ✅ Connected to Redis server (ioredis)
2025-09-11 10:09:26 [INFO]: ✅ Connected to Redis server (ioredis)
2025-09-11 10:09:54 [INFO]: ✅ Connected to Redis server (ioredis)
2025-09-11 10:09:56 [INFO]: ✅ Connected to Redis server (ioredis)
2025-09-11 10:11:42 [INFO]: ✅ Connected to Redis server (ioredis)
2025-09-11 10:11:45 [INFO]: ✅ Connected to Redis server (ioredis)
2025-09-11 10:12:30 [INFO]: ✅ Connected to Redis server (ioredis)
2025-09-11 10:12:31 [INFO]: ✅ Connected to Redis server (ioredis)
2025-09-11 10:14:20 [INFO]: ✅ Connected to Redis server (ioredis)
2025-09-11 10:14:56 [INFO]: ✅ Connected to Redis server (ioredis)
2025-09-11 10:14:58 [INFO]: ✅ Connected to Redis server (ioredis)
2025-09-11 10:14:59 [INFO]: ✅ Connected to Redis server (ioredis)
2025-09-11 10:15:08 [INFO]: ✅ Connected to Redis server (ioredis)
2025-09-11 10:15:10 [INFO]: ✅ Connected to Redis server (ioredis)
2025-09-11 10:15:12 [INFO]: ✅ Connected to Redis server (ioredis)
2025-09-11 10:16:28 [INFO]: ✅ Connected to Redis server (ioredis)
2025-09-11 10:16:31 [INFO]: ✅ Connected to Redis server (ioredis)
2025-09-11 10:16:34 [INFO]: ✅ Connected to Redis server (ioredis)
2025-09-11 10:18:24 [INFO]: ✅ Connected to Redis server (ioredis)
2025-09-11 10:18:25 [INFO]: ✅ Connected to Redis server (ioredis)
2025-09-11 10:18:45 [INFO]: ✅ Connected to Redis server (ioredis)
2025-09-11 10:21:20 [INFO]: ✅ Connected to Redis server (ioredis)
2025-09-11 10:24:26 [INFO]: ✅ Connected to Redis server (ioredis)
2025-09-11 10:26:09 [INFO]: ✅ Connected to Redis server (ioredis)
2025-09-11 10:26:38 [INFO]: ✅ Connected to Redis server (ioredis)
2025-09-11 10:26:40 [INFO]: ✅ Connected to Redis server (ioredis)
2025-09-11 10:26:41 [INFO]: ✅ Connected to Redis server (ioredis)
2025-09-11 10:27:16 [INFO]: ✅ Connected to Redis server (ioredis)
2025-09-11 10:27:18 [INFO]: ✅ Connected to Redis server (ioredis)
2025-09-11 10:27:33 [INFO]: ✅ Connected to Redis server (ioredis)
2025-09-11 10:27:35 [INFO]: ✅ Connected to Redis server (ioredis)
2025-09-11 10:27:37 [INFO]: ✅ Connected to Redis server (ioredis)
2025-09-11 10:27:55 [INFO]: ✅ Connected to Redis server (ioredis)
2025-09-11 10:27:56 [INFO]: ✅ Connected to Redis server (ioredis)
2025-09-11 10:27:57 [INFO]: ✅ Connected to Redis server (ioredis)
2025-09-11 10:27:59 [INFO]: ✅ Connected to Redis server (ioredis)
2025-09-11 10:28:14 [INFO]: ✅ Connected to Redis server (ioredis)
2025-09-11 10:28:18 [INFO]: ✅ Connected to Redis server (ioredis)
2025-09-11 10:28:36 [INFO]: ✅ Connected to Redis server (ioredis)
2025-09-11 10:29:21 [INFO]: ✅ Connected to Redis server (ioredis)
2025-09-11 10:29:22 [INFO]: ✅ Connected to Redis server (ioredis)
2025-09-11 10:29:24 [INFO]: ✅ Connected to Redis server (ioredis)
2025-09-11 10:29:28 [INFO]: ✅ Connected to Redis server (ioredis)
2025-09-11 10:29:31 [INFO]: ✅ Connected to Redis server (ioredis)
2025-09-11 10:29:57 [INFO]: ✅ Connected to Redis server (ioredis)
2025-09-11 10:30:06 [INFO]: ✅ Connected to Redis server (ioredis)
2025-09-11 10:30:07 [INFO]: ✅ Connected to Redis server (ioredis)
2025-09-11 10:30:31 [INFO]: ✅ Connected to Redis server (ioredis)
2025-09-11 10:30:37 [INFO]: ✅ Connected to Redis server (ioredis)
2025-09-11 10:30:39 [INFO]: ✅ Connected to Redis server (ioredis)
2025-09-11 10:30:41 [INFO]: ✅ Connected to Redis server (ioredis)
2025-09-11 10:31:06 [INFO]: ✅ Connected to Redis server (ioredis)
2025-09-11 10:33:49 [INFO]: ✅ Connected to Redis server (ioredis)
2025-09-11 10:34:58 [INFO]: ✅ Connected to Redis server (ioredis)
2025-09-11 10:36:59 [INFO]: ✅ Connected to Redis server (ioredis)
2025-09-11 10:38:02 [INFO]: ✅ Connected to Redis server (ioredis)
2025-09-11 10:38:12 [INFO]: ✅ Connected to Redis server (ioredis)
2025-09-11 10:38:43 [INFO]: ✅ Connected to Redis server (ioredis)
2025-09-11 10:38:45 [INFO]: ✅ Connected to Redis server (ioredis)
2025-09-11 10:38:48 [INFO]: ✅ Connected to Redis server (ioredis)
2025-09-11 10:39:21 [INFO]: ✅ Connected to Redis server (ioredis)
2025-09-11 10:39:22 [INFO]: ✅ Connected to Redis server (ioredis)
2025-09-11 10:43:15 [INFO]: ✅ Connected to Redis server (ioredis)
2025-09-11 10:44:01 [INFO]: ✅ Connected to Redis server (ioredis)
2025-09-11 10:44:08 [INFO]: ✅ Connected to Redis server (ioredis)
2025-09-11 10:44:32 [INFO]: ✅ Connected to Redis server (ioredis)
2025-09-11 10:44:35 [INFO]: ✅ Connected to Redis server (ioredis)
2025-09-11 10:44:39 [INFO]: ✅ Connected to Redis server (ioredis)
2025-09-11 10:44:43 [INFO]: ✅ Connected to Redis server (ioredis)
2025-09-11 10:45:33 [INFO]: ✅ Connected to Redis server (ioredis)
2025-09-11 10:45:38 [INFO]: ✅ Connected to Redis server (ioredis)
2025-09-11 10:54:02 [INFO]: ✅ Connected to Redis server (ioredis)
2025-09-11 10:54:05 [INFO]: ✅ Connected to Redis server (ioredis)
2025-09-11 10:54:13 [INFO]: ✅ Connected to Redis server (ioredis)
2025-09-11 10:55:07 [INFO]: ✅ Connected to Redis server (ioredis)
2025-09-11 10:55:13 [INFO]: ✅ Connected to Redis server (ioredis)
2025-09-11 10:55:15 [INFO]: ✅ Connected to Redis server (ioredis)
2025-09-11 10:55:18 [INFO]: ✅ Connected to Redis server (ioredis)
2025-09-11 10:55:30 [INFO]: ✅ Connected to Redis server (ioredis)
2025-09-11 10:56:04 [INFO]: ✅ Connected to Redis server (ioredis)
2025-09-11 10:56:08 [INFO]: ✅ Connected to Redis server (ioredis)
2025-09-11 10:56:19 [INFO]: ✅ Connected to Redis server (ioredis)
2025-09-11 10:56:24 [INFO]: ✅ Connected to Redis server (ioredis)
2025-09-11 10:56:52 [INFO]: ✅ Connected to Redis server (ioredis)
2025-09-11 10:57:04 [INFO]: ✅ Connected to Redis server (ioredis)
2025-09-11 10:57:14 [INFO]: ✅ Connected to Redis server (ioredis)
2025-09-11 10:58:04 [INFO]: ✅ Connected to Redis server (ioredis)
2025-09-11 11:02:47 [INFO]: ✅ Connected to Redis server (ioredis)
2025-09-11 11:02:51 [INFO]: ✅ Connected to Redis server (ioredis)
2025-09-11 11:02:53 [INFO]: ✅ Connected to Redis server (ioredis)
2025-09-11 11:02:58 [INFO]: ✅ Connected to Redis server (ioredis)
2025-09-11 11:02:59 [INFO]: ✅ Connected to Redis server (ioredis)
2025-09-11 11:03:01 [INFO]: ✅ Connected to Redis server (ioredis)
2025-09-11 11:03:05 [INFO]: ✅ Connected to Redis server (ioredis)
2025-09-11 11:04:13 [INFO]: ✅ Connected to Redis server (ioredis)
2025-09-11 11:04:16 [INFO]: ✅ Connected to Redis server (ioredis)
2025-09-11 11:12:29 [INFO]: ✅ Connected to Redis server (ioredis)
2025-09-11 11:12:33 [INFO]: ✅ Connected to Redis server (ioredis)
2025-09-11 11:12:37 [INFO]: ✅ Connected to Redis server (ioredis)
2025-09-11 11:12:38 [INFO]: ✅ Connected to Redis server (ioredis)
2025-09-11 11:12:44 [INFO]: ✅ Connected to Redis server (ioredis)
2025-09-11 11:12:58 [INFO]: ✅ Connected to Redis server (ioredis)
2025-09-11 11:13:04 [INFO]: ✅ Connected to Redis server (ioredis)
2025-09-11 11:14:45 [INFO]: ✅ Connected to Redis server (ioredis)
2025-09-11 11:15:01 [INFO]: ✅ Connected to Redis server (ioredis)
2025-09-11 11:15:02 [INFO]: ✅ Connected to Redis server (ioredis)
2025-09-11 11:15:13 [INFO]: ✅ Connected to Redis server (ioredis)
2025-09-11 11:15:14 [INFO]: ✅ Connected to Redis server (ioredis)
2025-09-11 11:15:28 [INFO]: ✅ Connected to Redis server (ioredis)
2025-09-11 11:15:32 [INFO]: ✅ Connected to Redis server (ioredis)
2025-09-11 11:17:09 [INFO]: ✅ Connected to Redis server (ioredis)
2025-09-11 11:17:15 [INFO]: ✅ Connected to Redis server (ioredis)
2025-09-11 11:17:52 [INFO]: ✅ Connected to Redis server (ioredis)
2025-09-11 11:18:01 [INFO]: ✅ Connected to Redis server (ioredis)
2025-09-11 11:18:03 [INFO]: ✅ Connected to Redis server (ioredis)
2025-09-11 11:18:05 [INFO]: ✅ Connected to Redis server (ioredis)
2025-09-11 11:19:03 [INFO]: ✅ Connected to Redis server (ioredis)
2025-09-11 11:19:03 [INFO]: ✅ Connected to Redis server (ioredis)
2025-09-11 11:19:08 [INFO]: ✅ Connected to Redis server (ioredis)
2025-09-11 11:19:13 [INFO]: ✅ Connected to Redis server (ioredis)
2025-09-11 11:20:02 [INFO]: ✅ Connected to Redis server (ioredis)
2025-09-11 11:21:29 [INFO]: ✅ Connected to Redis server (ioredis)
2025-09-11 11:21:30 [INFO]: ✅ Connected to Redis server (ioredis)
2025-09-11 11:21:31 [INFO]: ✅ Connected to Redis server (ioredis)
2025-09-11 11:21:37 [INFO]: ✅ Connected to Redis server (ioredis)
2025-09-11 11:21:51 [INFO]: ✅ Connected to Redis server (ioredis)
2025-09-11 11:29:04 [INFO]: ✅ Connected to Redis server (ioredis)
2025-09-11 11:29:06 [INFO]: ✅ Connected to Redis server (ioredis)
2025-09-11 11:29:07 [INFO]: ✅ Connected to Redis server (ioredis)
2025-09-11 11:30:00 [INFO]: ✅ Connected to Redis server (ioredis)
2025-09-11 11:30:04 [INFO]: ✅ Connected to Redis server (ioredis)
2025-09-11 11:30:11 [INFO]: ✅ Connected to Redis server (ioredis)
2025-09-11 11:30:22 [INFO]: ✅ Connected to Redis server (ioredis)
2025-09-11 11:30:27 [INFO]: ✅ Connected to Redis server (ioredis)
2025-09-11 11:30:29 [INFO]: ✅ Connected to Redis server (ioredis)
2025-09-11 11:30:30 [INFO]: ✅ Connected to Redis server (ioredis)
2025-09-11 11:30:33 [INFO]: ✅ Connected to Redis server (ioredis)
2025-09-11 11:31:07 [INFO]: ✅ Connected to Redis server (ioredis)
2025-09-11 11:31:10 [INFO]: ✅ Connected to Redis server (ioredis)
2025-09-11 11:39:16 [INFO]: ✅ Connected to Redis server (ioredis)
2025-09-11 11:40:15 [INFO]: ✅ Connected to Redis server (ioredis)
2025-09-11 11:40:20 [INFO]: ✅ Connected to Redis server (ioredis)
2025-09-11 11:40:22 [INFO]: ✅ Connected to Redis server (ioredis)
2025-09-11 11:42:03 [INFO]: ✅ Connected to Redis server (ioredis)
2025-09-11 11:42:07 [INFO]: ✅ Connected to Redis server (ioredis)
2025-09-11 11:43:10 [INFO]: ✅ Connected to Redis server (ioredis)
2025-09-11 11:43:11 [INFO]: ✅ Connected to Redis server (ioredis)
2025-09-11 11:43:13 [INFO]: ✅ Connected to Redis server (ioredis)
2025-09-11 11:46:25 [INFO]: ✅ Connected to Redis server (ioredis)
2025-09-11 11:46:29 [INFO]: ✅ Connected to Redis server (ioredis)
2025-09-11 11:46:33 [INFO]: ✅ Connected to Redis server (ioredis)
2025-09-11 11:46:40 [INFO]: ✅ Connected to Redis server (ioredis)
2025-09-11 11:46:43 [INFO]: ✅ Connected to Redis server (ioredis)
2025-09-11 11:46:46 [INFO]: ✅ Connected to Redis server (ioredis)
2025-09-11 11:46:47 [INFO]: ✅ Connected to Redis server (ioredis)
2025-09-11 11:46:48 [INFO]: ✅ Connected to Redis server (ioredis)
2025-09-11 11:52:09 [INFO]: ✅ Connected to Redis server (ioredis)
2025-09-11 11:52:10 [INFO]: ✅ Connected to Redis server (ioredis)
2025-09-11 11:52:11 [INFO]: ✅ Connected to Redis server (ioredis)
2025-09-11 11:52:27 [INFO]: ✅ Connected to Redis server (ioredis)
2025-09-11 12:01:18 [INFO]: ✅ Connected to Redis server (ioredis)
2025-09-11 12:01:24 [INFO]: ✅ Connected to Redis server (ioredis)
2025-09-11 12:01:25 [INFO]: ✅ Connected to Redis server (ioredis)
2025-09-11 12:03:12 [INFO]: ✅ Connected to Redis server (ioredis)
2025-09-11 12:03:23 [INFO]: ✅ Connected to Redis server (ioredis)
2025-09-11 12:03:36 [INFO]: ✅ Connected to Redis server (ioredis)
2025-09-11 12:04:10 [INFO]: ✅ Connected to Redis server (ioredis)
2025-09-11 12:04:16 [INFO]: ✅ Connected to Redis server (ioredis)
2025-09-11 12:04:31 [INFO]: ✅ Connected to Redis server (ioredis)
2025-09-11 12:04:34 [INFO]: ✅ Connected to Redis server (ioredis)
2025-09-11 12:04:38 [INFO]: ✅ Connected to Redis server (ioredis)
2025-09-11 12:04:42 [INFO]: ✅ Connected to Redis server (ioredis)
2025-09-11 12:04:45 [INFO]: ✅ Connected to Redis server (ioredis)
2025-09-11 12:05:17 [INFO]: ✅ Connected to Redis server (ioredis)
2025-09-11 12:05:21 [INFO]: ✅ Connected to Redis server (ioredis)
2025-09-11 12:05:24 [INFO]: ✅ Connected to Redis server (ioredis)
2025-09-11 12:05:58 [INFO]: ✅ Connected to Redis server (ioredis)
2025-09-11 12:06:08 [INFO]: ✅ Connected to Redis server (ioredis)
2025-09-11 12:06:10 [INFO]: ✅ Connected to Redis server (ioredis)
2025-09-11 12:09:34 [INFO]: ✅ Connected to Redis server (ioredis)
2025-09-11 12:12:37 [INFO]: ✅ Connected to Redis server (ioredis)
2025-09-11 12:13:13 [INFO]: ✅ Connected to Redis server (ioredis)
2025-09-11 12:13:16 [INFO]: ✅ Connected to Redis server (ioredis)
2025-09-11 12:13:23 [INFO]: ✅ Connected to Redis server (ioredis)
2025-09-11 12:14:05 [INFO]: ✅ Connected to Redis server (ioredis)
2025-09-11 12:14:19 [INFO]: ✅ Connected to Redis server (ioredis)
2025-09-11 12:14:23 [INFO]: ✅ Connected to Redis server (ioredis)
2025-09-11 12:14:26 [INFO]: ✅ Connected to Redis server (ioredis)
2025-09-11 12:14:30 [INFO]: ✅ Connected to Redis server (ioredis)
2025-09-11 12:14:37 [INFO]: ✅ Connected to Redis server (ioredis)
2025-09-11 12:14:44 [INFO]: ✅ Connected to Redis server (ioredis)
2025-09-11 12:14:46 [INFO]: ✅ Connected to Redis server (ioredis)
2025-09-11 12:14:49 [INFO]: ✅ Connected to Redis server (ioredis)
2025-09-11 12:14:51 [INFO]: ✅ Connected to Redis server (ioredis)
2025-09-11 12:14:52 [INFO]: ✅ Connected to Redis server (ioredis)
2025-09-11 12:14:54 [INFO]: ✅ Connected to Redis server (ioredis)
2025-09-11 12:14:56 [INFO]: ✅ Connected to Redis server (ioredis)
2025-09-11 12:15:04 [INFO]: ✅ Connected to Redis server (ioredis)
2025-09-11 12:15:05 [INFO]: ✅ Connected to Redis server (ioredis)
2025-09-11 12:15:12 [INFO]: ✅ Connected to Redis server (ioredis)
2025-09-11 12:15:17 [INFO]: ✅ Connected to Redis server (ioredis)
2025-09-11 12:15:21 [INFO]: ✅ Connected to Redis server (ioredis)
2025-09-11 12:15:31 [INFO]: ✅ Connected to Redis server (ioredis)
2025-09-11 12:15:47 [INFO]: ✅ Connected to Redis server (ioredis)
2025-09-11 12:15:57 [INFO]: ✅ Connected to Redis server (ioredis)
2025-09-11 12:15:59 [INFO]: ✅ Connected to Redis server (ioredis)
2025-09-11 12:16:11 [INFO]: ✅ Connected to Redis server (ioredis)
2025-09-11 12:16:18 [INFO]: ✅ Connected to Redis server (ioredis)
2025-09-11 12:16:30 [INFO]: ✅ Connected to Redis server (ioredis)
2025-09-11 12:16:41 [INFO]: ✅ Connected to Redis server (ioredis)
2025-09-11 12:17:07 [INFO]: ✅ Connected to Redis server (ioredis)
2025-09-11 12:17:19 [INFO]: ✅ Connected to Redis server (ioredis)
2025-09-11 12:17:27 [INFO]: ✅ Connected to Redis server (ioredis)
2025-09-11 12:17:28 [INFO]: ✅ Connected to Redis server (ioredis)
2025-09-11 12:17:35 [INFO]: ✅ Connected to Redis server (ioredis)
2025-09-11 12:17:38 [INFO]: ✅ Connected to Redis server (ioredis)
2025-09-11 12:17:40 [INFO]: ✅ Connected to Redis server (ioredis)
2025-09-11 12:18:03 [INFO]: ✅ Connected to Redis server (ioredis)
2025-09-11 12:18:16 [INFO]: ✅ Connected to Redis server (ioredis)
2025-09-11 12:18:42 [INFO]: ✅ Connected to Redis server (ioredis)
2025-09-11 12:18:45 [INFO]: ✅ Connected to Redis server (ioredis)
2025-09-11 12:18:52 [INFO]: ✅ Connected to Redis server (ioredis)
2025-09-11 12:18:53 [INFO]: ✅ Connected to Redis server (ioredis)
2025-09-11 12:19:15 [INFO]: ✅ Connected to Redis server (ioredis)
2025-09-11 12:19:17 [INFO]: ✅ Connected to Redis server (ioredis)
2025-09-11 12:19:23 [INFO]: ✅ Connected to Redis server (ioredis)
2025-09-11 12:19:27 [INFO]: ✅ Connected to Redis server (ioredis)
2025-09-11 12:19:29 [INFO]: ✅ Connected to Redis server (ioredis)
2025-09-11 12:19:31 [INFO]: ✅ Connected to Redis server (ioredis)
2025-09-11 12:19:32 [INFO]: ✅ Connected to Redis server (ioredis)
2025-09-11 12:19:37 [INFO]: ✅ Connected to Redis server (ioredis)
2025-09-11 12:19:39 [INFO]: ✅ Connected to Redis server (ioredis)
2025-09-11 12:19:44 [INFO]: ✅ Connected to Redis server (ioredis)
2025-09-11 12:19:47 [INFO]: ✅ Connected to Redis server (ioredis)
2025-09-11 12:19:53 [INFO]: ✅ Connected to Redis server (ioredis)
2025-09-11 12:19:59 [INFO]: ✅ Connected to Redis server (ioredis)
2025-09-11 12:20:01 [INFO]: ✅ Connected to Redis server (ioredis)
2025-09-11 12:20:05 [INFO]: ✅ Connected to Redis server (ioredis)
2025-09-11 12:20:14 [INFO]: ✅ Connected to Redis server (ioredis)
2025-09-11 12:20:26 [INFO]: ✅ Connected to Redis server (ioredis)
2025-09-11 12:20:34 [INFO]: ✅ Connected to Redis server (ioredis)
2025-09-11 12:20:37 [INFO]: ✅ Connected to Redis server (ioredis)
2025-09-11 12:20:39 [INFO]: ✅ Connected to Redis server (ioredis)
2025-09-11 12:20:41 [INFO]: ✅ Connected to Redis server (ioredis)
2025-09-11 12:20:43 [INFO]: ✅ Connected to Redis server (ioredis)
2025-09-11 12:20:54 [INFO]: ✅ Connected to Redis server (ioredis)
2025-09-11 12:20:56 [INFO]: ✅ Connected to Redis server (ioredis)
2025-09-11 12:21:05 [INFO]: ✅ Connected to Redis server (ioredis)
2025-09-11 12:21:32 [INFO]: ✅ Connected to Redis server (ioredis)
2025-09-11 12:21:36 [INFO]: ✅ Connected to Redis server (ioredis)
2025-09-11 12:21:40 [INFO]: ✅ Connected to Redis server (ioredis)
2025-09-11 12:21:45 [INFO]: ✅ Connected to Redis server (ioredis)
2025-09-11 12:21:58 [INFO]: ✅ Connected to Redis server (ioredis)
2025-09-11 12:22:01 [INFO]: ✅ Connected to Redis server (ioredis)
2025-09-11 12:22:02 [INFO]: ✅ Connected to Redis server (ioredis)
2025-09-11 12:22:04 [INFO]: ✅ Connected to Redis server (ioredis)
2025-09-11 12:22:30 [INFO]: ✅ Connected to Redis server (ioredis)
2025-09-11 12:22:49 [INFO]: ✅ Connected to Redis server (ioredis)
2025-09-11 12:22:50 [INFO]: ✅ Connected to Redis server (ioredis)
2025-09-11 12:22:55 [INFO]: ✅ Connected to Redis server (ioredis)
2025-09-11 12:23:14 [INFO]: ✅ Connected to Redis server (ioredis)
2025-09-11 12:23:20 [INFO]: ✅ Connected to Redis server (ioredis)
2025-09-11 12:23:59 [INFO]: ✅ Connected to Redis server (ioredis)
2025-09-11 12:24:01 [INFO]: ✅ Connected to Redis server (ioredis)
2025-09-11 12:24:05 [INFO]: ✅ Connected to Redis server (ioredis)
2025-09-11 12:24:10 [INFO]: ✅ Connected to Redis server (ioredis)
2025-09-11 12:24:38 [INFO]: ✅ Connected to Redis server (ioredis)
2025-09-11 12:24:41 [INFO]: ✅ Connected to Redis server (ioredis)
2025-09-11 12:24:42 [INFO]: ✅ Connected to Redis server (ioredis)
2025-09-11 12:24:44 [INFO]: ✅ Connected to Redis server (ioredis)
2025-09-11 12:25:55 [INFO]: ✅ Connected to Redis server (ioredis)
2025-09-11 12:25:59 [INFO]: ✅ Connected to Redis server (ioredis)
2025-09-11 12:26:01 [INFO]: ✅ Connected to Redis server (ioredis)
2025-09-11 12:26:04 [INFO]: ✅ Connected to Redis server (ioredis)
2025-09-11 12:26:06 [INFO]: ✅ Connected to Redis server (ioredis)
2025-09-11 12:26:08 [INFO]: ✅ Connected to Redis server (ioredis)
2025-09-11 12:26:09 [INFO]: ✅ Connected to Redis server (ioredis)
2025-09-11 12:26:11 [INFO]: ✅ Connected to Redis server (ioredis)
2025-09-11 12:26:13 [INFO]: ✅ Connected to Redis server (ioredis)
2025-09-11 12:26:15 [INFO]: ✅ Connected to Redis server (ioredis)
2025-09-11 12:26:20 [INFO]: ✅ Connected to Redis server (ioredis)
2025-09-11 12:26:24 [INFO]: ✅ Connected to Redis server (ioredis)
2025-09-11 12:26:36 [INFO]: ✅ Connected to Redis server (ioredis)
2025-09-11 12:26:37 [INFO]: ✅ Connected to Redis server (ioredis)
2025-09-11 12:26:42 [INFO]: ✅ Connected to Redis server (ioredis)
2025-09-11 12:26:45 [INFO]: ✅ Connected to Redis server (ioredis)
2025-09-11 12:26:50 [INFO]: ✅ Connected to Redis server (ioredis)
2025-09-11 12:26:54 [INFO]: ✅ Connected to Redis server (ioredis)
2025-09-11 12:26:56 [INFO]: ✅ Connected to Redis server (ioredis)
2025-09-11 12:27:19 [INFO]: ✅ Connected to Redis server (ioredis)
2025-09-11 12:27:41 [INFO]: ✅ Connected to Redis server (ioredis)
2025-09-11 12:27:46 [INFO]: ✅ Connected to Redis server (ioredis)
2025-09-11 12:27:49 [INFO]: ✅ Connected to Redis server (ioredis)
2025-09-11 12:27:52 [INFO]: ✅ Connected to Redis server (ioredis)
2025-09-11 12:27:55 [INFO]: ✅ Connected to Redis server (ioredis)
2025-09-11 12:27:58 [INFO]: ✅ Connected to Redis server (ioredis)
2025-09-11 12:28:00 [INFO]: ✅ Connected to Redis server (ioredis)
2025-09-11 12:28:06 [INFO]: ✅ Connected to Redis server (ioredis)
2025-09-11 12:28:10 [INFO]: ✅ Connected to Redis server (ioredis)
2025-09-11 12:28:13 [INFO]: ✅ Connected to Redis server (ioredis)
2025-09-11 12:28:19 [INFO]: ✅ Connected to Redis server (ioredis)
2025-09-11 12:29:02 [INFO]: ✅ Connected to Redis server (ioredis)
2025-09-11 12:29:05 [INFO]: ✅ Connected to Redis server (ioredis)
2025-09-11 12:29:16 [INFO]: ✅ Connected to Redis server (ioredis)
2025-09-11 12:29:17 [INFO]: ✅ Connected to Redis server (ioredis)
2025-09-11 12:29:20 [INFO]: ✅ Connected to Redis server (ioredis)
2025-09-11 12:29:41 [INFO]: ✅ Connected to Redis server (ioredis)
2025-09-11 12:29:44 [INFO]: ✅ Connected to Redis server (ioredis)
2025-09-11 12:29:47 [INFO]: ✅ Connected to Redis server (ioredis)
2025-09-11 12:29:52 [INFO]: ✅ Connected to Redis server (ioredis)
2025-09-11 12:32:58 [INFO]: ✅ Connected to Redis server (ioredis)
2025-09-11 12:33:33 [INFO]: ✅ Connected to Redis server (ioredis)
2025-09-11 12:33:34 [INFO]: ✅ Connected to Redis server (ioredis)
2025-09-11 12:34:00 [INFO]: ✅ Connected to Redis server (ioredis)
2025-09-11 12:34:02 [INFO]: ✅ Connected to Redis server (ioredis)
2025-09-11 12:34:23 [INFO]: ✅ Connected to Redis server (ioredis)
2025-09-11 12:34:25 [INFO]: ✅ Connected to Redis server (ioredis)
2025-09-11 12:36:37 [INFO]: ✅ Connected to Redis server (ioredis)
2025-09-11 12:36:48 [INFO]: ✅ Connected to Redis server (ioredis)
2025-09-11 12:36:55 [INFO]: ✅ Connected to Redis server (ioredis)
2025-09-11 12:36:57 [INFO]: ✅ Connected to Redis server (ioredis)
2025-09-11 12:37:12 [INFO]: ✅ Connected to Redis server (ioredis)
2025-09-11 12:44:26 [INFO]: ✅ Connected to Redis server (ioredis)
2025-09-11 12:44:35 [INFO]: ✅ Connected to Redis server (ioredis)
2025-09-11 12:44:39 [INFO]: ✅ Connected to Redis server (ioredis)
2025-09-11 12:44:52 [INFO]: ✅ Connected to Redis server (ioredis)
2025-09-11 12:45:00 [INFO]: ✅ Connected to Redis server (ioredis)
2025-09-11 12:45:01 [INFO]: ✅ Connected to Redis server (ioredis)
2025-09-11 12:49:23 [INFO]: ✅ Connected to Redis server (ioredis)
2025-09-11 12:49:41 [INFO]: ✅ Connected to Redis server (ioredis)
2025-09-11 12:49:48 [INFO]: ✅ Connected to Redis server (ioredis)
2025-09-11 12:52:51 [INFO]: ✅ Connected to Redis server (ioredis)
2025-09-11 12:52:57 [INFO]: ✅ Connected to Redis server (ioredis)
2025-09-11 12:53:00 [INFO]: ✅ Connected to Redis server (ioredis)
2025-09-11 12:53:30 [INFO]: ✅ Connected to Redis server (ioredis)
2025-09-11 12:53:46 [INFO]: ✅ Connected to Redis server (ioredis)
2025-09-11 12:53:48 [INFO]: ✅ Connected to Redis server (ioredis)
2025-09-11 12:53:58 [INFO]: ✅ Connected to Redis server (ioredis)
2025-09-11 12:53:59 [INFO]: ✅ Connected to Redis server (ioredis)
2025-09-11 12:54:05 [INFO]: ✅ Connected to Redis server (ioredis)
2025-09-11 12:54:09 [INFO]: ✅ Connected to Redis server (ioredis)
2025-09-11 12:54:13 [INFO]: ✅ Connected to Redis server (ioredis)
2025-09-11 12:54:14 [INFO]: ✅ Connected to Redis server (ioredis)
2025-09-11 12:54:17 [INFO]: ✅ Connected to Redis server (ioredis)
2025-09-11 12:54:23 [INFO]: ✅ Connected to Redis server (ioredis)
2025-09-11 12:54:26 [INFO]: ✅ Connected to Redis server (ioredis)
2025-09-11 12:54:28 [INFO]: ✅ Connected to Redis server (ioredis)
2025-09-11 12:54:34 [INFO]: ✅ Connected to Redis server (ioredis)
2025-09-11 12:54:46 [INFO]: ✅ Connected to Redis server (ioredis)
2025-09-11 12:54:48 [INFO]: ✅ Connected to Redis server (ioredis)
2025-09-11 12:54:52 [INFO]: ✅ Connected to Redis server (ioredis)
2025-09-11 12:55:04 [INFO]: ✅ Connected to Redis server (ioredis)
2025-09-11 12:55:14 [INFO]: ✅ Connected to Redis server (ioredis)
2025-09-11 12:55:17 [INFO]: ✅ Connected to Redis server (ioredis)
2025-09-11 12:55:33 [INFO]: ✅ Connected to Redis server (ioredis)
2025-09-11 12:55:37 [INFO]: ✅ Connected to Redis server (ioredis)
2025-09-11 12:55:44 [INFO]: ✅ Connected to Redis server (ioredis)
2025-09-11 12:55:50 [INFO]: ✅ Connected to Redis server (ioredis)
2025-09-11 12:55:56 [INFO]: ✅ Connected to Redis server (ioredis)
2025-09-11 12:57:42 [INFO]: ✅ Connected to Redis server (ioredis)
2025-09-11 12:58:13 [INFO]: ✅ Connected to Redis server (ioredis)
2025-09-11 12:58:45 [INFO]: ✅ Connected to Redis server (ioredis)
2025-09-11 12:58:47 [INFO]: ✅ Connected to Redis server (ioredis)
2025-09-11 12:58:55 [INFO]: ✅ Connected to Redis server (ioredis)
2025-09-11 12:59:09 [INFO]: ✅ Connected to Redis server (ioredis)
2025-09-11 12:59:13 [INFO]: ✅ Connected to Redis server (ioredis)
2025-09-11 12:59:16 [INFO]: ✅ Connected to Redis server (ioredis)
2025-09-11 12:59:27 [INFO]: ✅ Connected to Redis server (ioredis)
2025-09-11 12:59:35 [INFO]: ✅ Connected to Redis server (ioredis)
2025-09-11 12:59:37 [INFO]: ✅ Connected to Redis server (ioredis)
2025-09-11 13:02:03 [INFO]: ✅ Connected to Redis server (ioredis)
2025-09-11 13:02:06 [INFO]: ✅ Connected to Redis server (ioredis)
2025-09-11 13:02:11 [INFO]: ✅ Connected to Redis server (ioredis)
2025-09-11 13:02:13 [INFO]: ✅ Connected to Redis server (ioredis)
2025-09-11 13:02:15 [INFO]: ✅ Connected to Redis server (ioredis)
2025-09-11 13:02:17 [INFO]: ✅ Connected to Redis server (ioredis)
2025-09-11 13:02:21 [INFO]: ✅ Connected to Redis server (ioredis)
2025-09-11 13:02:23 [INFO]: ✅ Connected to Redis server (ioredis)
2025-09-11 13:02:25 [INFO]: ✅ Connected to Redis server (ioredis)
2025-09-11 13:02:28 [INFO]: ✅ Connected to Redis server (ioredis)
2025-09-11 13:02:30 [INFO]: ✅ Connected to Redis server (ioredis)
2025-09-11 13:02:32 [INFO]: ✅ Connected to Redis server (ioredis)
2025-09-11 13:02:35 [INFO]: ✅ Connected to Redis server (ioredis)
2025-09-11 13:02:45 [INFO]: ✅ Connected to Redis server (ioredis)
2025-09-11 13:02:53 [INFO]: ✅ Connected to Redis server (ioredis)
2025-09-11 13:02:55 [INFO]: ✅ Connected to Redis server (ioredis)
2025-09-11 13:02:57 [INFO]: ✅ Connected to Redis server (ioredis)
2025-09-11 13:03:01 [INFO]: ✅ Connected to Redis server (ioredis)
2025-09-11 13:03:06 [INFO]: ✅ Connected to Redis server (ioredis)
2025-09-11 13:03:14 [INFO]: ✅ Connected to Redis server (ioredis)
2025-09-11 13:03:15 [INFO]: ✅ Connected to Redis server (ioredis)
2025-09-11 13:03:17 [INFO]: ✅ Connected to Redis server (ioredis)
2025-09-11 13:03:23 [INFO]: ✅ Connected to Redis server (ioredis)
2025-09-11 13:03:54 [INFO]: ✅ Connected to Redis server (ioredis)
2025-09-11 13:04:07 [INFO]: ✅ Connected to Redis server (ioredis)
2025-09-11 13:04:15 [INFO]: ✅ Connected to Redis server (ioredis)
2025-09-11 13:04:35 [INFO]: ✅ Connected to Redis server (ioredis)
2025-09-11 13:04:38 [INFO]: ✅ Connected to Redis server (ioredis)
2025-09-11 13:04:42 [INFO]: ✅ Connected to Redis server (ioredis)
2025-09-11 13:04:45 [INFO]: ✅ Connected to Redis server (ioredis)
2025-09-11 13:04:46 [INFO]: ✅ Connected to Redis server (ioredis)
2025-09-11 13:04:48 [INFO]: ✅ Connected to Redis server (ioredis)
2025-09-11 13:05:12 [INFO]: ✅ Connected to Redis server (ioredis)
2025-09-11 13:05:36 [INFO]: ✅ Connected to Redis server (ioredis)
2025-09-11 13:06:42 [INFO]: ✅ Connected to Redis server (ioredis)
2025-09-11 13:06:43 [INFO]: ✅ Connected to Redis server (ioredis)
2025-09-11 13:06:51 [INFO]: ✅ Connected to Redis server (ioredis)
2025-09-11 13:06:53 [INFO]: ✅ Connected to Redis server (ioredis)
2025-09-11 13:06:58 [INFO]: ✅ Connected to Redis server (ioredis)
2025-09-11 13:07:43 [INFO]: ✅ Connected to Redis server (ioredis)
2025-09-11 13:09:10 [INFO]: ✅ Connected to Redis server (ioredis)
2025-09-11 13:09:11 [INFO]: ✅ Connected to Redis server (ioredis)
2025-09-11 13:09:22 [INFO]: ✅ Connected to Redis server (ioredis)
2025-09-11 13:09:24 [INFO]: ✅ Connected to Redis server (ioredis)
2025-09-11 13:09:26 [INFO]: ✅ Connected to Redis server (ioredis)
2025-09-11 13:09:31 [INFO]: ✅ Connected to Redis server (ioredis)
2025-09-11 13:09:34 [INFO]: ✅ Connected to Redis server (ioredis)
2025-09-11 13:10:41 [INFO]: ✅ Connected to Redis server (ioredis)
2025-09-11 13:10:51 [INFO]: ✅ Connected to Redis server (ioredis)
2025-09-11 13:10:53 [INFO]: ✅ Connected to Redis server (ioredis)
2025-09-11 13:10:55 [INFO]: ✅ Connected to Redis server (ioredis)
2025-09-11 13:10:58 [INFO]: ✅ Connected to Redis server (ioredis)
2025-09-11 13:11:00 [INFO]: ✅ Connected to Redis server (ioredis)
2025-09-11 13:11:10 [INFO]: ✅ Connected to Redis server (ioredis)
2025-09-11 13:11:13 [INFO]: ✅ Connected to Redis server (ioredis)
2025-09-11 13:11:14 [INFO]: ✅ Connected to Redis server (ioredis)
2025-09-11 13:11:15 [INFO]: ✅ Connected to Redis server (ioredis)
2025-09-11 13:11:19 [INFO]: ✅ Connected to Redis server (ioredis)
2025-09-11 13:11:21 [INFO]: ✅ Connected to Redis server (ioredis)
2025-09-11 13:11:23 [INFO]: ✅ Connected to Redis server (ioredis)
2025-09-11 13:11:24 [INFO]: ✅ Connected to Redis server (ioredis)
2025-09-11 13:11:27 [INFO]: ✅ Connected to Redis server (ioredis)
2025-09-11 13:11:30 [INFO]: ✅ Connected to Redis server (ioredis)
2025-09-11 13:11:32 [INFO]: ✅ Connected to Redis server (ioredis)
2025-09-11 13:11:33 [INFO]: ✅ Connected to Redis server (ioredis)
2025-09-11 13:11:37 [INFO]: ✅ Connected to Redis server (ioredis)
2025-09-11 13:11:55 [INFO]: ✅ Connected to Redis server (ioredis)
2025-09-11 13:12:08 [INFO]: ✅ Connected to Redis server (ioredis)
2025-09-11 13:12:22 [INFO]: ✅ Connected to Redis server (ioredis)
2025-09-11 13:12:28 [INFO]: ✅ Connected to Redis server (ioredis)
2025-09-11 13:12:30 [INFO]: ✅ Connected to Redis server (ioredis)
2025-09-11 13:12:42 [INFO]: ✅ Connected to Redis server (ioredis)
2025-09-11 13:12:46 [INFO]: ✅ Connected to Redis server (ioredis)
2025-09-11 13:12:51 [INFO]: ✅ Connected to Redis server (ioredis)
2025-09-11 13:12:59 [INFO]: ✅ Connected to Redis server (ioredis)
2025-09-11 13:13:53 [INFO]: ✅ Connected to Redis server (ioredis)
2025-09-11 13:13:56 [INFO]: ✅ Connected to Redis server (ioredis)
2025-09-11 13:14:08 [INFO]: ✅ Connected to Redis server (ioredis)
2025-09-11 13:14:39 [INFO]: ✅ Connected to Redis server (ioredis)
2025-09-11 13:15:33 [INFO]: ✅ Connected to Redis server (ioredis)
2025-09-11 13:17:16 [INFO]: ✅ Connected to Redis server (ioredis)
2025-09-11 13:17:20 [INFO]: ✅ Connected to Redis server (ioredis)
2025-09-11 13:17:22 [INFO]: ✅ Connected to Redis server (ioredis)
2025-09-11 13:18:00 [INFO]: ✅ Connected to Redis server (ioredis)
2025-09-11 13:18:04 [INFO]: ✅ Connected to Redis server (ioredis)
2025-09-11 13:18:07 [INFO]: ✅ Connected to Redis server (ioredis)
2025-09-11 13:18:18 [INFO]: ✅ Connected to Redis server (ioredis)
2025-09-11 13:18:33 [INFO]: ✅ Connected to Redis server (ioredis)
2025-09-11 13:18:38 [INFO]: ✅ Connected to Redis server (ioredis)
2025-09-11 13:19:16 [INFO]: ✅ Connected to Redis server (ioredis)
2025-09-11 13:19:19 [INFO]: ✅ Connected to Redis server (ioredis)
2025-09-11 13:19:22 [INFO]: ✅ Connected to Redis server (ioredis)
2025-09-11 14:06:17 [INFO]: ✅ Connected to Redis server (ioredis)
2025-09-11 14:32:51 [INFO]: ✅ Connected to Redis server (ioredis)
2025-09-11 14:33:21 [INFO]: ✅ Connected to Redis server (ioredis)
2025-09-11 14:33:24 [INFO]: ✅ Connected to Redis server (ioredis)
2025-09-11 14:33:48 [INFO]: ✅ Connected to Redis server (ioredis)
2025-09-11 14:34:06 [INFO]: ✅ Connected to Redis server (ioredis)
2025-09-11 14:35:05 [INFO]: ✅ Connected to Redis server (ioredis)
2025-09-11 14:35:19 [INFO]: ✅ Connected to Redis server (ioredis)
2025-09-11 14:35:23 [INFO]: ✅ Connected to Redis server (ioredis)
2025-09-11 14:35:25 [INFO]: ✅ Connected to Redis server (ioredis)
2025-09-11 14:35:38 [INFO]: ✅ Connected to Redis server (ioredis)
2025-09-11 14:35:40 [INFO]: ✅ Connected to Redis server (ioredis)
2025-09-11 14:35:44 [INFO]: ✅ Connected to Redis server (ioredis)
2025-09-11 14:35:56 [INFO]: ✅ Connected to Redis server (ioredis)
2025-09-11 14:36:10 [INFO]: ✅ Connected to Redis server (ioredis)
2025-09-11 14:38:50 [INFO]: ✅ Connected to Redis server (ioredis)
2025-09-11 14:40:14 [INFO]: ✅ Connected to Redis server (ioredis)
2025-09-11 14:40:59 [INFO]: ✅ Connected to Redis server (ioredis)
2025-09-11 14:41:12 [INFO]: ✅ Connected to Redis server (ioredis)
2025-09-11 14:41:17 [INFO]: ✅ Connected to Redis server (ioredis)
2025-09-11 14:41:20 [INFO]: ✅ Connected to Redis server (ioredis)
2025-09-11 14:41:37 [INFO]: ✅ Connected to Redis server (ioredis)
2025-09-11 14:41:43 [INFO]: ✅ Connected to Redis server (ioredis)
2025-09-11 14:41:48 [INFO]: ✅ Connected to Redis server (ioredis)
2025-09-11 14:41:50 [INFO]: ✅ Connected to Redis server (ioredis)
2025-09-11 14:42:12 [INFO]: ✅ Connected to Redis server (ioredis)
2025-09-11 14:42:23 [INFO]: ✅ Connected to Redis server (ioredis)
2025-09-11 14:42:41 [INFO]: ✅ Connected to Redis server (ioredis)
2025-09-11 14:43:08 [INFO]: ✅ Connected to Redis server (ioredis)
2025-09-11 14:43:13 [INFO]: ✅ Connected to Redis server (ioredis)
2025-09-11 14:43:15 [INFO]: ✅ Connected to Redis server (ioredis)
2025-09-11 14:43:20 [INFO]: ✅ Connected to Redis server (ioredis)
2025-09-11 14:44:13 [INFO]: ✅ Connected to Redis server (ioredis)
2025-09-11 14:45:11 [INFO]: ✅ Connected to Redis server (ioredis)
2025-09-11 14:45:14 [INFO]: ✅ Connected to Redis server (ioredis)
2025-09-11 14:45:48 [INFO]: ✅ Connected to Redis server (ioredis)
2025-09-11 14:46:03 [INFO]: ✅ Connected to Redis server (ioredis)
2025-09-11 14:47:10 [INFO]: ✅ Connected to Redis server (ioredis)
2025-09-11 14:50:12 [INFO]: ✅ Connected to Redis server (ioredis)
2025-09-11 14:54:05 [INFO]: ✅ Connected to Redis server (ioredis)
2025-09-11 14:54:14 [INFO]: ✅ Connected to Redis server (ioredis)
2025-09-11 14:57:39 [INFO]: ✅ Connected to Redis server (ioredis)
2025-09-11 14:57:43 [INFO]: ✅ Connected to Redis server (ioredis)
2025-09-11 14:57:54 [INFO]: ✅ Connected to Redis server (ioredis)
2025-09-11 14:58:09 [INFO]: ✅ Connected to Redis server (ioredis)
2025-09-11 14:58:14 [INFO]: ✅ Connected to Redis server (ioredis)
2025-09-11 15:00:19 [INFO]: ✅ Connected to Redis server (ioredis)
2025-09-11 15:01:56 [INFO]: ✅ Connected to Redis server (ioredis)
2025-09-11 15:02:07 [INFO]: ✅ Connected to Redis server (ioredis)
2025-09-11 15:03:11 [INFO]: ✅ Connected to Redis server (ioredis)
2025-09-11 15:03:21 [INFO]: ✅ Connected to Redis server (ioredis)
2025-09-11 15:03:25 [INFO]: ✅ Connected to Redis server (ioredis)
2025-09-11 15:03:29 [INFO]: ✅ Connected to Redis server (ioredis)
2025-09-11 15:03:31 [INFO]: ✅ Connected to Redis server (ioredis)
2025-09-11 15:03:38 [INFO]: ✅ Connected to Redis server (ioredis)
2025-09-11 15:04:51 [INFO]: ✅ Connected to Redis server (ioredis)
2025-09-11 15:05:19 [INFO]: ✅ Connected to Redis server (ioredis)
2025-09-11 15:05:22 [INFO]: ✅ Connected to Redis server (ioredis)
2025-09-11 15:07:28 [INFO]: ✅ Connected to Redis server (ioredis)
2025-09-11 15:07:47 [INFO]: ✅ Connected to Redis server (ioredis)
2025-09-11 15:08:22 [INFO]: ✅ Connected to Redis server (ioredis)
2025-09-11 15:08:31 [INFO]: ✅ Connected to Redis server (ioredis)
2025-09-11 15:08:37 [INFO]: ✅ Connected to Redis server (ioredis)
2025-09-11 15:09:16 [INFO]: ✅ Connected to Redis server (ioredis)
2025-09-11 15:10:10 [INFO]: ✅ Connected to Redis server (ioredis)
2025-09-11 15:10:32 [INFO]: ✅ Connected to Redis server (ioredis)
2025-09-11 15:11:50 [INFO]: ✅ Connected to Redis server (ioredis)
2025-09-11 15:12:29 [INFO]: ✅ Connected to Redis server (ioredis)
2025-09-11 15:15:01 [INFO]: ✅ Connected to Redis server (ioredis)
2025-09-11 15:15:03 [INFO]: ✅ Connected to Redis server (ioredis)
2025-09-11 15:15:08 [INFO]: ✅ Connected to Redis server (ioredis)
2025-09-11 15:15:11 [INFO]: ✅ Connected to Redis server (ioredis)
2025-09-11 15:15:17 [INFO]: ✅ Connected to Redis server (ioredis)
2025-09-11 15:15:19 [INFO]: ✅ Connected to Redis server (ioredis)
2025-09-11 15:15:26 [INFO]: ✅ Connected to Redis server (ioredis)
2025-09-11 15:15:27 [INFO]: ✅ Connected to Redis server (ioredis)
2025-09-11 15:15:35 [INFO]: ✅ Connected to Redis server (ioredis)
2025-09-11 15:15:37 [INFO]: ✅ Connected to Redis server (ioredis)
2025-09-11 15:15:45 [INFO]: ✅ Connected to Redis server (ioredis)
2025-09-11 15:15:48 [INFO]: ✅ Connected to Redis server (ioredis)
2025-09-11 15:15:54 [INFO]: ✅ Connected to Redis server (ioredis)
2025-09-11 15:16:07 [INFO]: ✅ Connected to Redis server (ioredis)
2025-09-11 15:16:14 [INFO]: ✅ Connected to Redis server (ioredis)
2025-09-11 15:16:21 [INFO]: ✅ Connected to Redis server (ioredis)
2025-09-11 15:16:27 [INFO]: ✅ Connected to Redis server (ioredis)
2025-09-11 15:16:29 [INFO]: ✅ Connected to Redis server (ioredis)
2025-09-11 15:16:31 [INFO]: ✅ Connected to Redis server (ioredis)
2025-09-11 15:16:40 [INFO]: ✅ Connected to Redis server (ioredis)
2025-09-11 15:16:46 [INFO]: ✅ Connected to Redis server (ioredis)
2025-09-11 15:16:52 [INFO]: ✅ Connected to Redis server (ioredis)
2025-09-11 15:17:00 [INFO]: ✅ Connected to Redis server (ioredis)
2025-09-11 15:17:03 [INFO]: ✅ Connected to Redis server (ioredis)
2025-09-11 15:17:06 [INFO]: ✅ Connected to Redis server (ioredis)
2025-09-11 15:17:09 [INFO]: ✅ Connected to Redis server (ioredis)
2025-09-11 15:17:57 [INFO]: ✅ Connected to Redis server (ioredis)
2025-09-11 15:18:02 [INFO]: ✅ Connected to Redis server (ioredis)
2025-09-11 15:18:08 [INFO]: ✅ Connected to Redis server (ioredis)
2025-09-11 15:18:10 [INFO]: ✅ Connected to Redis server (ioredis)
2025-09-11 15:18:19 [INFO]: ✅ Connected to Redis server (ioredis)
2025-09-11 15:20:11 [INFO]: ✅ Connected to Redis server (ioredis)
2025-09-11 15:20:16 [INFO]: ✅ Connected to Redis server (ioredis)
2025-09-11 15:20:19 [INFO]: ✅ Connected to Redis server (ioredis)
2025-09-11 15:20:25 [INFO]: ✅ Connected to Redis server (ioredis)
2025-09-11 15:20:28 [INFO]: ✅ Connected to Redis server (ioredis)
2025-09-11 15:20:30 [INFO]: ✅ Connected to Redis server (ioredis)
2025-09-11 15:20:43 [INFO]: ✅ Connected to Redis server (ioredis)
2025-09-11 15:20:45 [INFO]: ✅ Connected to Redis server (ioredis)
2025-09-11 15:20:46 [INFO]: ✅ Connected to Redis server (ioredis)
2025-09-11 15:20:55 [INFO]: ✅ Connected to Redis server (ioredis)
2025-09-11 15:20:58 [INFO]: ✅ Connected to Redis server (ioredis)
2025-09-11 15:21:00 [INFO]: ✅ Connected to Redis server (ioredis)
2025-09-11 15:21:08 [INFO]: ✅ Connected to Redis server (ioredis)
2025-09-11 15:21:14 [INFO]: ✅ Connected to Redis server (ioredis)
2025-09-11 15:21:17 [INFO]: ✅ Connected to Redis server (ioredis)
2025-09-11 15:21:25 [INFO]: ✅ Connected to Redis server (ioredis)
2025-09-11 15:21:28 [INFO]: ✅ Connected to Redis server (ioredis)
2025-09-11 15:21:29 [INFO]: ✅ Connected to Redis server (ioredis)
2025-09-11 15:21:36 [INFO]: ✅ Connected to Redis server (ioredis)
2025-09-11 15:21:38 [INFO]: ✅ Connected to Redis server (ioredis)
2025-09-11 15:21:41 [INFO]: ✅ Connected to Redis server (ioredis)
2025-09-11 15:21:51 [INFO]: ✅ Connected to Redis server (ioredis)
2025-09-11 15:21:58 [INFO]: ✅ Connected to Redis server (ioredis)
2025-09-11 15:21:59 [INFO]: ✅ Connected to Redis server (ioredis)
2025-09-11 15:22:06 [INFO]: ✅ Connected to Redis server (ioredis)
2025-09-11 15:22:08 [INFO]: ✅ Connected to Redis server (ioredis)
2025-09-11 15:22:11 [INFO]: ✅ Connected to Redis server (ioredis)
2025-09-11 15:22:14 [INFO]: ✅ Connected to Redis server (ioredis)
2025-09-11 15:22:22 [INFO]: ✅ Connected to Redis server (ioredis)
2025-09-11 15:22:24 [INFO]: ✅ Connected to Redis server (ioredis)
2025-09-11 15:22:31 [INFO]: ✅ Connected to Redis server (ioredis)
2025-09-11 15:22:37 [INFO]: ✅ Connected to Redis server (ioredis)
2025-09-11 15:22:39 [INFO]: ✅ Connected to Redis server (ioredis)
2025-09-11 15:22:41 [INFO]: ✅ Connected to Redis server (ioredis)
2025-09-11 15:22:45 [INFO]: ✅ Connected to Redis server (ioredis)
2025-09-11 15:22:47 [INFO]: ✅ Connected to Redis server (ioredis)
2025-09-11 15:50:06 [INFO]: ✅ Connected to Redis server (ioredis)
2025-09-11 15:52:31 [INFO]: ✅ Connected to Redis server (ioredis)
2025-09-11 15:52:34 [INFO]: ✅ Connected to Redis server (ioredis)
2025-09-11 16:24:42 [INFO]: ✅ Connected to Redis server (ioredis)
2025-09-11 16:25:16 [INFO]: ✅ Connected to Redis server (ioredis)
2025-09-11 16:31:47 [INFO]: ✅ Connected to Redis server (ioredis)
2025-09-11 16:36:30 [INFO]: ✅ Connected to Redis server (ioredis)
2025-09-11 16:47:20 [INFO]: ✅ Connected to Redis server (ioredis)
2025-09-11 16:48:03 [INFO]: ✅ Connected to Redis server (ioredis)
2025-09-11 16:48:54 [INFO]: ✅ Connected to Redis server (ioredis)
2025-09-11 17:32:01 [ERROR]: ❌ Error fetching product by id: search | 
Invalid `prisma.product.findUnique()` invocation:

{
  where: {
+   id: Int
  }
}

Argument `id` is missing.
2025-09-11 17:32:01 [ERROR]: 
Invalid `prisma.product.findUnique()` invocation:

{
  where: {
+   id: Int
  }
}

Argument `id` is missing.
2025-09-11 17:32:01 [ERROR]: ❌ Error fetching product by id: search | 
Invalid `prisma.product.findUnique()` invocation:

{
  where: {
+   id: Int
  }
}

Argument `id` is missing.
2025-09-11 17:32:01 [ERROR]: 
Invalid `prisma.product.findUnique()` invocation:

{
  where: {
+   id: Int
  }
}

Argument `id` is missing.
2025-09-11 17:32:02 [INFO]: ✅ Cache set for key: vendor:search:P
2025-09-11 17:32:25 [ERROR]: ❌ Error fetching product by id: search | 
Invalid `prisma.product.findUnique()` invocation:

{
  where: {
+   id: Int
  }
}

Argument `id` is missing.
2025-09-11 17:32:25 [ERROR]: 
Invalid `prisma.product.findUnique()` invocation:

{
  where: {
+   id: Int
  }
}

Argument `id` is missing.
2025-09-11 17:32:25 [ERROR]: ❌ Error fetching product by id: search | 
Invalid `prisma.product.findUnique()` invocation:

{
  where: {
+   id: Int
  }
}

Argument `id` is missing.
2025-09-11 17:32:25 [ERROR]: 
Invalid `prisma.product.findUnique()` invocation:

{
  where: {
+   id: Int
  }
}

Argument `id` is missing.
2025-09-11 17:34:30 [INFO]: ✅ Cache set for key: vendor:search:v
2025-09-11 17:34:33 [INFO]: ✅ Cache set for key: vendor:search:[object Promise
2025-09-11 17:34:35 [INFO]: ✅ Cache set for key: vendor:search:[object Promise]h
2025-09-11 17:34:37 [INFO]: ✅ Found 1 products for query: h
2025-09-11 17:34:37 [INFO]: ✅ Cache set for key: product:search:h
2025-09-11 17:35:10 [INFO]: ✅ Cache set for key: vendor:search:b
2025-09-11 17:35:18 [ERROR]: ❌ Error fetching product by id: search | 
Invalid `prisma.product.findUnique()` invocation:

{
  where: {
+   id: Int
  }
}

Argument `id` is missing.
2025-09-11 17:35:18 [ERROR]: 
Invalid `prisma.product.findUnique()` invocation:

{
  where: {
+   id: Int
  }
}

Argument `id` is missing.
2025-09-11 17:35:18 [ERROR]: ❌ Error fetching product by id: search | 
Invalid `prisma.product.findUnique()` invocation:

{
  where: {
+   id: Int
  }
}

Argument `id` is missing.
2025-09-11 17:35:18 [ERROR]: 
Invalid `prisma.product.findUnique()` invocation:

{
  where: {
+   id: Int
  }
}

Argument `id` is missing.
2025-09-11 17:35:27 [ERROR]: ❌ Error fetching product by id: search | 
Invalid `prisma.product.findUnique()` invocation:

{
  where: {
+   id: Int
  }
}

Argument `id` is missing.
2025-09-11 17:35:27 [ERROR]: 
Invalid `prisma.product.findUnique()` invocation:

{
  where: {
+   id: Int
  }
}

Argument `id` is missing.
2025-09-11 17:35:27 [ERROR]: ❌ Error fetching product by id: search | 
Invalid `prisma.product.findUnique()` invocation:

{
  where: {
+   id: Int
  }
}

Argument `id` is missing.
2025-09-11 17:35:27 [ERROR]: 
Invalid `prisma.product.findUnique()` invocation:

{
  where: {
+   id: Int
  }
}

Argument `id` is missing.
2025-09-11 17:35:31 [INFO]: ✅ Cache set for key: vendor:search:k
2025-09-11 17:36:05 [INFO]: ✅ Connected to Redis server (ioredis)
2025-09-11 17:36:09 [INFO]: ✅ Connected to Redis server (ioredis)
2025-09-11 17:36:16 [INFO]: ✅ Connected to Redis server (ioredis)
2025-09-11 17:36:22 [INFO]: ✅ Connected to Redis server (ioredis)
2025-09-11 17:36:27 [INFO]: ✅ Found 1 products for query: d
2025-09-11 17:36:56 [INFO]: ✅ Found 1 products for query: d
2025-09-11 17:40:59 [ERROR]: ❌ Error fetching product by id: search | 
Invalid `prisma.product.findUnique()` invocation:

{
  where: {
+   id: Int
  }
}

Argument `id` is missing.
2025-09-11 17:40:59 [ERROR]: 
Invalid `prisma.product.findUnique()` invocation:

{
  where: {
+   id: Int
  }
}

Argument `id` is missing.
2025-09-11 17:40:59 [ERROR]: ❌ Error fetching product by id: search | 
Invalid `prisma.product.findUnique()` invocation:

{
  where: {
+   id: Int
  }
}

Argument `id` is missing.
2025-09-11 17:40:59 [ERROR]: 
Invalid `prisma.product.findUnique()` invocation:

{
  where: {
+   id: Int
  }
}

Argument `id` is missing.
2025-09-11 17:41:05 [INFO]: ✅ Found 1 products for query: d
2025-09-11 17:45:27 [INFO]: ✅ Cache set for key: vendor:search:[object Promise
2025-09-11 17:45:28 [INFO]: ✅ Cache set for key: vendor:search:[object
2025-09-11 17:47:19 [ERROR]: ❌ Error fetching product by id: search | 
Invalid `prisma.product.findUnique()` invocation:

{
  where: {
+   id: Int
  }
}

Argument `id` is missing.
2025-09-11 17:47:19 [ERROR]: 
Invalid `prisma.product.findUnique()` invocation:

{
  where: {
+   id: Int
  }
}

Argument `id` is missing.
2025-09-11 17:47:19 [ERROR]: ❌ Error fetching product by id: search | 
Invalid `prisma.product.findUnique()` invocation:

{
  where: {
+   id: Int
  }
}

Argument `id` is missing.
2025-09-11 17:47:19 [ERROR]: 
Invalid `prisma.product.findUnique()` invocation:

{
  where: {
+   id: Int
  }
}

Argument `id` is missing.
2025-09-11 17:50:25 [INFO]: ✅ Cache set for key: vendor:search:k
2025-09-11 17:50:31 [INFO]: ✅ Found 1 products for query: d
2025-09-11 17:51:24 [INFO]: ✅ Found 1 products for query: d
2025-09-11 17:51:52 [INFO]: ✅ Connected to Redis server (ioredis)
2025-09-11 17:51:56 [INFO]: ✅ Connected to Redis server (ioredis)
2025-09-11 17:51:59 [INFO]: ✅ Connected to Redis server (ioredis)
2025-09-11 17:52:08 [INFO]: ✅ Cache set for key: vendor:search:p
2025-09-11 17:52:08 [INFO]: ✅ Cache set for key: vendor:search:r
2025-09-11 17:52:13 [INFO]: ✅ Found 1 products for query: d
2025-09-11 17:54:58 [INFO]: ✅ Cache set for key: vendor:search:pr
2025-09-11 17:54:59 [INFO]: ✅ Cache set for key: vendor:search:Pratik
2025-09-11 17:55:03 [INFO]: ✅ Found 1 products for query: do
2025-09-11 17:55:04 [INFO]: ✅ Found 1 products for query: DOLO
2025-09-11 17:58:47 [INFO]: ✅ Found 1 products for query: dol
2025-09-11 17:59:26 [INFO]: ✅ Found 1 products for query: do
2025-09-11 18:00:36 [INFO]: ✅ Cache set for key: vendor:search:pr
2025-09-11 18:00:42 [INFO]: ✅ Found 1 products for query: do
2025-09-11 18:01:13 [INFO]: ✅ Found 1 products for query: DOLO
2025-09-11 18:02:41 [INFO]: ✅ Found 1 products for query: DOLO
2025-09-11 18:03:17 [INFO]: ✅ Found 1 products for query: do
2025-09-11 18:03:23 [INFO]: ✅ Cache set for key: vendor:search:pra
